bets,wins,win_rate,stake,profit,roi,avg_odds,avg_ev,max_drawdown,roi_ci_low,roi_ci_high,p_roi_le_0,model,strategy,ev_threshold
3315,1214,0.36621417797888384,3315.0,-55.51999999999999,-0.01674811463046757,3.816135746606334,0.38863459789366034,-152.6300000000001,-0.05545369213292325,0.022240751970891447,0.7944,HistGB + Elo/Rest,argmax,0.0
3228,1174,0.36369268897149937,3228.0,-53.62,-0.01661090458488228,3.845179677819083,0.39882488140616157,-151.35000000000008,-0.056819841752891044,0.023707317182995277,0.7812,HistGB + Elo/Rest,argmax,0.02
3060,1090,0.3562091503267974,3060.0,-45.89000000000001,-0.014996732026143794,3.9054346405228757,0.4186957134739891,-142.88000000000014,-0.05492669044378211,0.02614017094017093,0.7534,HistGB + Elo/Rest,argmax,0.05
2694,902,0.3348181143281366,2694.0,-83.71,-0.031072754268745357,4.067427616926504,0.46519442386007187,-156.0,-0.07830535765462551,0.011605841583433502,0.9206,HistGB + Elo/Rest,argmax,0.1
2335,740,0.3169164882226981,2335.0,-84.93,-0.03637259100642399,4.266847965738758,0.5175153936966533,-154.06000000000017,-0.08709202341216735,0.024289364922305857,0.8832,HistGB + Elo/Rest,argmax,0.15
4119,1501,0.3644088370963826,4119.0,-80.73999999999998,-0.019601845108035927,3.783139111434814,0.3357725058996585,-184.9100000000002,-0.05336124103634207,0.01816739388150243,0.8492,HistGB + Elo/Rest,all_qualifying,0.0
3876,1404,0.3622291021671827,3876.0,-50.04999999999998,-0.012912796697626414,3.843663570691435,0.35620743750553585,-162.3400000000002,-0.04870207941582125,0.028457338156088353,0.7332,HistGB + Elo/Rest,all_qualifying,0.02
3540,1254,0.35423728813559324,3540.0,-42.689999999999976,-0.012059322033898298,3.931960451977401,0.38665848846425377,-157.70000000000016,-0.054362457747901084,0.03553185366783769,0.691,HistGB + Elo/Rest,all_qualifying,0.05
2974,979,0.3291862811028917,2974.0,-101.79999999999995,-0.03422999327505042,4.1306119704102215,0.44584993160339803,-174.19999999999996,-0.0825268316096696,0.011234832262669523,0.9276,HistGB + Elo/Rest,all_qualifying,0.1
2514,784,0.3118536197295147,2514.0,-99.72999999999999,-0.03966984884645982,4.3515552903739065,0.5046918241389434,-172.03000000000011,-0.09172006117325594,0.020893872994127375,0.9064,HistGB + Elo/Rest,all_qualifying,0.15
3280,845,0.2576219512195122,3280.0,-56.44,-0.01720731707317073,5.1785853658536585,0.4419371037774167,-125.69,-0.04986862205927284,0.012689371226614794,0.8588,HistGB + Elo/Rest + sigmoid,argmax,0.0
3155,806,0.2554675118858954,3155.0,-36.76000000000001,-0.011651347068145804,5.261797147385104,0.4590158823716512,-116.56,-0.048198958799264446,0.02165114037905558,0.7386,HistGB + Elo/Rest + sigmoid,argmax,0.02
2896,705,0.24343922651933703,2896.0,-42.540000000000006,-0.01468922651933702,5.466208563535912,0.4969321356653166,-134.43000000000004,-0.062499552115366695,0.031070165454969576,0.7218,HistGB + Elo/Rest + sigmoid,argmax,0.05
2485,566,0.22776659959758552,2485.0,-41.419999999999995,-0.016668008048289735,5.844603621730382,0.5668679686724283,-118.98000000000005,-0.07347849473855174,0.0379321892005023,0.717,HistGB + Elo/Rest + sigmoid,argmax,0.1
2147,484,0.22543083372147182,2147.0,50.29999999999999,0.023428039124359566,6.237633907778296,0.6365457045988209,-65.7,-0.038268702841334476,0.08218810916179338,0.2204,HistGB + Elo/Rest + sigmoid,argmax,0.15
4174,1011,0.24221370388116914,4174.0,-189.34999999999997,-0.04536415908001916,5.414587925251557,0.40212665702888484,-238.98000000000027,-0.08142331029665066,-0.00945405523338593,0.9942,HistGB + Elo/Rest + sigmoid,all_qualifying,0.0
3910,934,0.23887468030690537,3910.0,-150.69,-0.038539641943734014,5.548314578005115,0.4286192396357797,-208.67000000000007,-0.07414209763170614,-0.0019588324713594703,0.9836,HistGB + Elo/Rest + sigmoid,all_qualifying,0.02
3511,790,0.22500712047849616,3511.0,-151.0,-0.04300769011677585,5.804534320706352,0.4733388716794232,-207.07000000000005,-0.08597175440711581,0.0008522946468364135,0.9728,HistGB + Elo/Rest + sigmoid,all_qualifying,0.05
2984,624,0.20911528150134048,2984.0,-140.23999999999998,-0.04699731903485254,6.213351206434316,0.5438856835107878,-187.9900000000001,-0.09414390590464161,-0.00037694390372867504,0.9764,HistGB + Elo/Rest + sigmoid,all_qualifying,0.1
2545,528,0.2074656188605108,2545.0,-21.60000000000001,-0.008487229862475446,6.596369351669942,0.616288649627981,-98.49999999999997,-0.059749218398692926,0.042877792378449395,0.6226,HistGB + Elo/Rest + sigmoid,all_qualifying,0.15
272,51,0.1875,272.0,69.66,0.2561029411764706,7.610882352941176,0.023549593192066946,-33.5,0.008753568958703812,0.5246934805039641,0.0226,Market baseline,argmax,0.0
118,20,0.1694915254237288,118.0,33.5,0.2838983050847458,8.876101694915253,0.04358250060920973,-21.0,-0.11767844332855092,0.545685096153846,0.0686,Market baseline,argmax,0.02
30,5,0.16666666666666666,30.0,23.0,0.7666666666666667,11.208333333333334,0.07555124971135216,-12.0,-0.6346153846153846,1.65625,0.1292,Market baseline,argmax,0.05
3,0,0.0,3.0,-3.0,-1.0,15.333333333333334,0.14545683819969213,-2.0,-1.0,-1.0,1.0,Market baseline,argmax,0.1
1,0,0.0,1.0,-1.0,-1.0,12.0,0.16971019866739523,0.0,-1.0,-1.0,1.0,Market baseline,argmax,0.15
281,52,0.18505338078291814,281.0,64.86000000000001,0.23081850533807835,7.605373665480427,0.023224490684180504,-33.5,0.00145833333333333,0.4839463601532567,0.0242,Market baseline,all_qualifying,0.0
121,21,0.17355371900826447,121.0,34.7,0.28677685950413223,8.804380165289256,0.04309906333037443,-21.0,-0.10975609756097561,0.5308251793868232,0.064,Market baseline,all_qualifying,0.02
30,5,0.16666666666666666,30.0,23.0,0.7666666666666667,11.208333333333334,0.07555124971135216,-12.0,-0.6346153846153846,1.65625,0.1292,Market baseline,all_qualifying,0.05
3,0,0.0,3.0,-3.0,-1.0,15.333333333333334,0.14545683819969213,-2.0,-1.0,-1.0,1.0,Market baseline,all_qualifying,0.1
1,0,0.0,1.0,-1.0,-1.0,12.0,0.16971019866739523,0.0,-1.0,-1.0,1.0,Market baseline,all_qualifying,0.15
2728,935,0.34274193548387094,2728.0,-82.02999999999997,-0.030069648093841633,4.112272727272726,0.13244664549101132,-175.3700000000001,-0.08303063402445728,0.018085876516426947,0.8694,Market logistic,argmax,0.0
2321,782,0.3369237397673417,2321.0,-18.289999999999996,-0.00788022404136148,4.285187419215855,0.1539442627788033,-105.88000000000002,-0.06092243300252111,0.04510180287671726,0.6146,Market logistic,argmax,0.02
1827,579,0.3169129720853859,1827.0,8.739999999999988,0.004783798576902019,4.599014778325124,0.18640883186035873,-100.05,-0.07361996602196082,0.10047270115839857,0.495,Market logistic,argmax,0.05
1102,313,0.28402903811252267,1102.0,24.650000000000006,0.022368421052631583,5.447068965517241,0.2610822424719215,-81.82999999999998,-0.1111695086193218,0.20737744413407816,0.4042,Market logistic,argmax,0.1
677,161,0.2378138847858198,677.0,-13.519999999999989,-0.019970457902511063,6.315967503692762,0.34823859723949663,-73.16,-0.22407174990818948,0.16889675973475402,0.5848,Market logistic,argmax,0.15
3321,1123,0.3381511592893707,3321.0,-148.42999999999998,-0.04469436916591388,4.241499548328817,0.11736772716874495,-191.4800000000002,-0.08199972123866431,-0.011680892457181482,0.9966,Market logistic,all_qualifying,0.0
2652,876,0.33031674208144796,2652.0,-43.29,-0.016323529411764705,4.493800904977376,0.14452115976197658,-99.75000000000006,-0.060208506551517375,0.020898200476337205,0.7848,Market logistic,all_qualifying,0.02
1941,598,0.30808861411643484,1941.0,-5.569999999999993,-0.0028696548171045816,4.861257083977332,0.18526824281881552,-89.14,-0.07820996642135336,0.08083503265217541,0.5432,Market logistic,all_qualifying,0.05
1152,317,0.2751736111111111,1152.0,6.150000000000016,0.005338541666666681,5.764157986111111,0.2624606651857845,-85.33000000000001,-0.12436359985575662,0.17664188351920695,0.4848,Market logistic,all_qualifying,0.1
712,164,0.2303370786516854,712.0,-23.019999999999996,-0.0323314606741573,6.750098314606741,0.34920840311927714,-73.53999999999999,-0.22821959442800788,0.15349891053214856,0.6432,Market logistic,all_qualifying,0.15
3080,980,0.3181818181818182,3080.0,-96.41999999999996,-0.031305194805194794,4.065938311688312,0.20659057717116922,-173.25000000000003,-0.06937058108069326,0.007488385319850232,0.9442,Market logistic + isotonic,argmax,0.0
2817,888,0.3152289669861555,2817.0,-89.32,-0.031707490237841675,4.153961661341853,0.22486602281152754,-168.4000000000001,-0.07425452655398478,0.010639410045335215,0.9276,Market logistic + isotonic,argmax,0.02
2426,752,0.3099752679307502,2426.0,-59.859999999999985,-0.02467436108821104,4.321475680131904,0.25542954688824654,-148.57000000000002,-0.07953669757888492,0.030482486660598832,0.7996,Market logistic + isotonic,argmax,0.05
1862,552,0.2964554242749731,1862.0,-26.860000000000007,-0.014425349087003226,4.661605800214823,0.31023037046266283,-139.5,-0.1015672913117547,0.07459310747399758,0.6466,Market logistic + isotonic,argmax,0.1
1394,387,0.2776183644189383,1394.0,0.3200000000000003,0.00022955523672883808,5.1065208034433285,0.37273851878879577,-95.55,-0.08294639931289641,0.07812909918620568,0.5074,Market logistic + isotonic,argmax,0.15
3709,1224,0.33000808843354,3709.0,-127.85999999999996,-0.034472903747640865,3.967991372337557,0.1805939675063792,-196.86000000000007,-0.06673207558924715,-0.004139818607515173,0.9888,Market logistic + isotonic,all_qualifying,0.0
3212,1034,0.3219178082191781,3212.0,-115.58000000000001,-0.03598381070983811,4.120772104607721,0.2069474674542804,-188.73000000000005,-0.07690173610415887,0.001975578658547203,0.9702,Market logistic + isotonic,all_qualifying,0.02
2610,811,0.310727969348659,2610.0,-63.43999999999998,-0.02430651340996168,4.368088122605363,0.24681782077950798,-150.67000000000002,-0.07904298662477277,0.025890466500227218,0.8254,Market logistic + isotonic,all_qualifying,0.05
1921,564,0.29359708485163977,1921.0,-34.71,-0.018068714211348258,4.759484643414889,0.30905101336645285,-135.53,-0.09966997939860259,0.06010711873829954,0.6928,Market logistic + isotonic,all_qualifying,0.1
1428,389,0.27240896358543415,1428.0,-15.18,-0.010630252100840336,5.248872549019607,0.372919969555962,-95.05,-0.08660591827756643,0.05673775462230389,0.621,Market logistic + isotonic,all_qualifying,0.15
2940,810,0.2755102040816326,2940.0,-53.13000000000001,-0.018071428571428575,4.814816326530612,0.21813460176346394,-187.18000000000006,-0.08538843380329571,0.044265832029212304,0.7024,Market logistic + sigmoid,argmax,0.0
2641,708,0.2680802726240061,2641.0,-21.87000000000002,-0.008280954184021212,5.012801968951155,0.24175108444541135,-177.55,-0.08397740427912789,0.06131014666695268,0.5876,Market logistic + sigmoid,argmax,0.02
2223,563,0.2532613585245164,2223.0,-0.13999999999999346,-6.297795771479688e-05,5.357566351776877,0.28062895864185944,-155.92000000000002,-0.09919667590027702,0.09009838998211091,0.4952,Market logistic + sigmoid,argmax,0.05
1621,378,0.23318938926588526,1621.0,56.390000000000015,0.03478716841455892,6.087884022208514,0.3565103422558533,-112.39,-0.09842231099776957,0.15424104750970422,0.308,Market logistic + sigmoid,argmax,0.1
1191,257,0.21578505457598657,1191.0,81.43999999999998,0.06837951301427371,6.909605373635601,0.4407000932209307,-106.61999999999998,-0.133697646708847,0.2444132077516195,0.2558,Market logistic + sigmoid,argmax,0.15
3532,940,0.26613816534541335,3532.0,-161.0,-0.0455832389580974,5.165050962627406,0.19974394188843106,-224.7900000000001,-0.10006300435977977,-6.411761599258127e-05,0.9754,Market logistic + sigmoid,all_qualifying,0.0
3046,780,0.2560735390676297,3046.0,-94.69999999999999,-0.031089954038082727,5.478847669074195,0.2301747676648612,-209.27000000000004,-0.09873677415958469,0.030185555044588187,0.833,Market logistic + sigmoid,all_qualifying,0.02
2466,593,0.24047039740470397,2466.0,-38.03999999999999,-0.015425790754257904,5.937919708029197,0.27626489298594037,-176.41000000000003,-0.10317273957954619,0.0688585120172616,0.6282,Market logistic + sigmoid,all_qualifying,0.05
1774,391,0.22040586245772267,1774.0,37.889999999999986,0.021358511837655008,6.7335062006764375,0.354633664040421,-137.84,-0.11287319379067547,0.1331696931786126,0.361,Market logistic + sigmoid,all_qualifying,0.1
1311,266,0.2028985507246377,1311.0,70.94,0.0541113653699466,7.643279938977879,0.4364003090537754,-122.89999999999999,-0.13589283564477897,0.21252122621200376,0.274,Market logistic + sigmoid,all_qualifying,0.15
3164,1056,0.33375474083438683,3164.0,-184.02999999999997,-0.058163716814159286,4.018264854614412,0.20622492505873266,-223.3600000000001,-0.09081345858421981,-0.02751425599729014,1.0,Team + Market,argmax,0.0
2957,984,0.3327696990192763,2957.0,-124.27999999999999,-0.04202908353060534,4.070189381129523,0.21991595752375728,-169.63000000000017,-0.07706443964570428,-0.009457531845921976,0.997,Team + Market,argmax,0.02
2547,834,0.32744405182567726,2547.0,-82.80999999999999,-0.03251276010993325,4.196823714173537,0.24961993141384065,-156.55999999999995,-0.08855254608047147,0.02641999886505504,0.8596,Team + Market,argmax,0.05
1939,578,0.298091799896854,1939.0,-67.5,-0.03481175863847344,4.534424961320268,0.3047829690530349,-137.68999999999997,-0.09935176654172197,0.04282987419163092,0.8246,Team + Market,argmax,0.1
1447,402,0.2778161713890809,1447.0,-54.580000000000005,-0.037719419488597104,4.881085003455425,0.36654211241597867,-122.41,-0.12001116209342867,0.06626871682835153,0.78,Team + Market,argmax,0.15
3837,1277,0.33281209278081836,3837.0,-207.59999999999997,-0.0541047693510555,4.043606984623404,0.18322657955982707,-245.20000000000007,-0.09155494998412193,-0.01607089422230861,0.999,Team + Market,all_qualifying,0.0
3423,1129,0.3298276365761028,3423.0,-137.98999999999998,-0.04031259129418638,4.124688869412796,0.20416415241474098,-177.19,-0.07720056677426934,0.0021883151896859403,0.9684,Team + Market,all_qualifying,0.02
2832,915,0.3230932203389831,2832.0,-85.77000000000001,-0.030286016949152547,4.292560028248587,0.2394795801030219,-153.52000000000007,-0.07839754640642765,0.029526377286284794,0.8534,Team + Market,all_qualifying,0.05
2075,612,0.29493975903614456,2075.0,-70.03999999999999,-0.03375421686746988,4.655595180722892,0.29998856846466304,-137.53,-0.08988102147053266,0.04131344675060573,0.8354,Team + Market,all_qualifying,0.1
1530,424,0.27712418300653596,1530.0,-45.599999999999994,-0.029803921568627448,5.037869281045752,0.3629559589945368,-111.18000000000002,-0.10801555994492346,0.07062528230557737,0.7398,Team + Market,all_qualifying,0.15
3196,1129,0.3532540675844806,3196.0,-83.03,-0.025979349186483106,3.904167709637046,0.24840486173010076,-152.20000000000005,-0.0685376274281256,0.01540641932252974,0.8834,Team + Market + Elo/Rest,argmax,0.0
2997,1041,0.34734734734734735,2997.0,-59.89,-0.019983316649983318,3.974464464464465,0.2641803269671436,-128.7800000000001,-0.06351500544538156,0.022597990571925786,0.8074,Team + Market + Elo/Rest,argmax,0.02
2663,898,0.3372136687945926,2663.0,-48.74000000000001,-0.018302666165978223,4.126045812992865,0.29284355515815685,-122.65000000000005,-0.0664225675706048,0.033360005352965884,0.7564,Team + Market + Elo/Rest,argmax,0.05
2101,657,0.31270823417420274,2101.0,-62.29999999999999,-0.029652546406473104,4.402099000475965,0.3513251801357527,-103.56000000000006,-0.07577251225795331,0.014947321668878286,0.8988,Team + Market + Elo/Rest,argmax,0.1
1597,460,0.28804007514088914,1597.0,-52.47,-0.032855353788353164,4.737094552285535,0.4229561176981722,-87.75999999999998,-0.09907937371115372,0.028226733075435183,0.8338,Team + Market + Elo/Rest,argmax,0.15
3898,1336,0.3427398665982555,3898.0,-154.2,-0.03955874807593637,3.9580605438686507,0.22016471327460682,-201.8200000000002,-0.06303874379209028,-0.018407768763294217,1.0,Team + Market + Elo/Rest,all_qualifying,0.0
3520,1191,0.33835227272727275,3520.0,-99.88999999999999,-0.028377840909090905,4.054605113636363,0.24273463234784387,-143.29000000000008,-0.05385319655128335,-0.0026911370968216654,0.9868,Team + Market + Elo/Rest,all_qualifying,0.02
3005,988,0.3287853577371048,3005.0,-75.71999999999998,-0.025198003327787016,4.229537437603994,0.2782903052106389,-127.80000000000004,-0.06885490205947266,0.018264827369628613,0.866,Team + Market + Elo/Rest,all_qualifying,0.05
2285,702,0.3072210065645514,2285.0,-63.080000000000005,-0.027606126914660835,4.533798687089716,0.34263220001223704,-102.41000000000003,-0.07247157639916771,0.014248910431211279,0.8958,Team + Market + Elo/Rest,all_qualifying,0.1
1712,489,0.28563084112149534,1712.0,-36.39999999999999,-0.02126168224299065,4.888072429906543,0.4158530466281483,-76.13,-0.08386030019682726,0.04103219080914018,0.7424,Team + Market + Elo/Rest,all_qualifying,0.15
3161,863,0.2730148687124328,3161.0,-77.79999999999998,-0.024612464409996832,5.0216545397026255,0.33032839999781527,-161.18,-0.07434296679197995,0.026087736277022627,0.8254,Team + Market + Elo/Rest + sigmoid,argmax,0.0
2976,794,0.2668010752688172,2976.0,-69.92000000000002,-0.023494623655913986,5.1457426075268815,0.3502248940116159,-162.29000000000002,-0.08129793924394282,0.03551473626264874,0.7784,Team + Market + Elo/Rest + sigmoid,argmax,0.02
2666,683,0.25618904726181546,2666.0,-65.28999999999998,-0.02448987246811702,5.38996624156039,0.3870222062552371,-149.23000000000002,-0.08521244521045146,0.03544691781421136,0.7848,Team + Market + Elo/Rest + sigmoid,argmax,0.05
2137,513,0.2400561534861956,2137.0,-15.16000000000001,-0.007094057089377637,5.889990641085634,0.46427542727887894,-137.08,-0.08873789365671642,0.07406987150796249,0.56,Team + Market + Elo/Rest + sigmoid,argmax,0.1
1764,395,0.22392290249433106,1764.0,-2.1800000000000033,-0.0012358276643990949,6.37657596371882,0.5363697112062511,-79.0,-0.07098221552628027,0.07064671298770711,0.5174,Team + Market + Elo/Rest + sigmoid,argmax,0.15
3983,1022,0.2565905096660808,3983.0,-104.16000000000001,-0.02615114235500879,5.391762490584986,0.3074247013202769,-194.90000000000006,-0.07741043128825241,0.02916791821125782,0.8314,Team + Market + Elo/Rest + sigmoid,all_qualifying,0.0
3650,901,0.24684931506849314,3650.0,-143.65,-0.03935616438356165,5.558180821917809,0.33458656251649727,-208.74000000000007,-0.09164483586768699,0.013346753818873123,0.9256,Team + Market + Elo/Rest + sigmoid,all_qualifying,0.02
3224,763,0.23666253101736973,3224.0,-116.11,-0.03601426799007444,5.833325062034739,0.37435465448339345,-184.78999999999996,-0.09583560207361706,0.02370748151476026,0.8838,Team + Market + Elo/Rest + sigmoid,all_qualifying,0.05
2551,561,0.21991375931007448,2551.0,-71.37,-0.027977263818110547,6.372806742453939,0.45335586536689804,-174.63000000000002,-0.11401308142225186,0.053625453389671944,0.7362,Team + Market + Elo/Rest + sigmoid,all_qualifying,0.1
2090,431,0.20622009569377991,2090.0,-48.73000000000001,-0.023315789473684217,6.861382775119616,0.5261449800080323,-109.65,-0.10699386353404688,0.06174871648239929,0.7024,Team + Market + Elo/Rest + sigmoid,all_qualifying,0.15
3175,925,0.29133858267716534,3175.0,-207.39,-0.06531968503937008,4.418192125984252,0.2795664653584483,-269.2299999999999,-0.13258768767791604,0.003385995462558995,0.9674,Team + Market + isotonic,argmax,0.0
3011,871,0.28927266688807707,3011.0,-176.54999999999995,-0.05863500498173363,4.499345732314846,0.2942356156333387,-247.29999999999995,-0.12512241321896775,0.009529657186005267,0.953,Team + Market + isotonic,argmax,0.02
2690,742,0.2758364312267658,2690.0,-201.23000000000002,-0.07480669144981414,4.666661710037174,0.32520593982742513,-268.41999999999985,-0.15324284408773486,0.008149662206789742,0.9612,Team + Market + isotonic,argmax,0.05
2129,546,0.2564584311883513,2129.0,-143.1,-0.06721465476749647,5.038802254579614,0.391225187298834,-200.85000000000002,-0.1371755428473258,0.004596813949126595,0.9644,Team + Market + isotonic,argmax,0.1
1717,421,0.24519510774606873,1717.0,-71.59,-0.04169481654047758,5.427268491555038,0.4554203665684732,-130.34000000000006,-0.10935553358240509,0.03649504895044882,0.8632,Team + Market + isotonic,argmax,0.15
3906,1148,0.2939068100358423,3906.0,-201.20999999999998,-0.05151305683563748,4.514815668202765,0.24621748089416423,-285.9300000000001,-0.10467048671240067,0.010472007179246642,0.947,Team + Market + isotonic,all_qualifying,0.0
3582,1041,0.29061976549413737,3582.0,-163.82999999999998,-0.04573701842546063,4.638020658849804,0.2676234697595384,-264.84999999999997,-0.10643207675765096,0.02561729284225906,0.9004,Team + Market + isotonic,all_qualifying,0.02
3056,833,0.27257853403141363,3056.0,-230.62,-0.07546465968586387,4.8502912303664925,0.3077532485671902,-295.6199999999997,-0.14785292035731884,0.011472837029996349,0.9586,Team + Market + isotonic,all_qualifying,0.05
2324,584,0.2512908777969019,2324.0,-163.31,-0.0702710843373494,5.284569707401033,0.3813937009929483,-211.91000000000008,-0.13554517335104077,0.0016495943869202338,0.9728,Team + Market + isotonic,all_qualifying,0.1
1850,444,0.24,1850.0,-80.32,-0.04341621621621621,5.7219945945945945,0.44749424974701923,-134.27,-0.10707476435741056,0.035126545026486176,0.8762,Team + Market + isotonic,all_qualifying,0.15
3135,850,0.2711323763955343,3135.0,-83.30999999999997,-0.02657416267942583,4.936118022328548,0.28899416642208703,-157.63000000000005,-0.08086020837598043,0.03165261168679594,0.8228,Team + Market + sigmoid,argmax,0.0
2908,762,0.2620357634112792,2908.0,-100.0,-0.0343878954607978,5.0850103163686375,0.3107470889459678,-168.71000000000006,-0.09380020666295492,0.030597358344493213,0.858,Team + Market + sigmoid,argmax,0.02
2589,648,0.25028968713789107,2589.0,-72.72999999999999,-0.028091927385090764,5.3359598300502125,0.34464522049996393,-160.05000000000007,-0.09980346356959922,0.04710311850439909,0.7714,Team + Market + sigmoid,argmax,0.05
2049,474,0.23133235724743778,2049.0,-58.010000000000005,-0.028311371400683263,5.863045387994144,0.4159177988715367,-151.91,-0.12151310152809337,0.06447816650188651,0.7238,Team + Market + sigmoid,argmax,0.1
1640,354,0.21585365853658536,1640.0,-17.790000000000006,-0.01084756097560976,6.413841463414634,0.48860627905275217,-113.37,-0.11705588376143816,0.08657073053936665,0.5794,Team + Market + sigmoid,argmax,0.15
3934,1009,0.25648195221148956,3934.0,-152.77,-0.03883324860193188,5.29899593289273,0.2668079006221877,-228.49000000000018,-0.09288575086267345,0.017514569947630083,0.9108,Team + Market + sigmoid,all_qualifying,0.0
3554,875,0.2462014631401238,3554.0,-142.12,-0.039988745075970736,5.516159257175014,0.2942994021003714,-214.57000000000008,-0.09563798590753034,0.019764648792563184,0.905,Team + Market + sigmoid,all_qualifying,0.02
3074,725,0.2358490566037736,3074.0,-81.80000000000001,-0.02661027976577749,5.826249186727391,0.3348029022718369,-173.89000000000004,-0.09224181290514138,0.04223069880988708,0.791,Team + Market + sigmoid,all_qualifying,0.05
2385,516,0.21635220125786164,2385.0,-101.61,-0.04260377358490566,6.401937106918239,0.4101332378733113,-175.45000000000005,-0.12624012653836875,0.04062043795620439,0.8412,Team + Market + sigmoid,all_qualifying,0.1
1901,383,0.20147290899526565,1901.0,-73.74,-0.03879011046817464,6.986617569700157,0.48295768582207066,-136.75,-0.1334979517583501,0.052725163933350506,0.7948,Team + Market + sigmoid,all_qualifying,0.15
