date,home_team,away_team,actual_result,model,selection,probability,fair_odds,odds,ev,stake,won,profit,odds_range,month,ev_range,probability_range,cumulative_profit,peak_profit,drawdown
2025-08-15,Liverpool,Bournemouth,H,MODEL C — TEAM + MARKET,D,0.1926515193688166,5.190719508863961,6.0,0.1559091162129,1.0,0,-1.0,5.00–9.99,2025-08,15–19.9%,10–19.9%,-1.0,-1.0,0.0
2025-08-16,Wolves,Man City,A,MODEL C — TEAM + MARKET,A,0.7611359258654763,1.3138257780473506,1.45,0.1036470925049406,1.0,1,0.4499999999999999,1.00–1.49,2025-08,10–14.9%,70–79.9%,-0.55,-0.55,0.0
2025-08-16,Aston Villa,Newcastle,D,MODEL C — TEAM + MARKET,A,0.4154066792254948,2.4072795407730334,2.9,0.204679369753935,1.0,0,-1.0,2.00–2.99,2025-08,20–29.9%,40–49.9%,-1.55,-0.55,-1.0
2025-08-16,Brighton,Fulham,D,MODEL C — TEAM + MARKET,D,0.3271761017426773,3.0564579584926284,3.6,0.1778339662736383,1.0,1,2.6,3.00–4.99,2025-08,15–19.9%,30–39.9%,1.05,1.05,0.0
2025-08-17,Chelsea,Crystal Palace,D,MODEL C — TEAM + MARKET,D,0.2820615307809478,3.545325721062654,4.33,0.2213264282815041,1.0,1,3.33,3.00–4.99,2025-08,20–29.9%,20–29.9%,4.38,4.38,0.0
2025-08-18,Leeds,Everton,H,MODEL C — TEAM + MARKET,D,0.3829187282885338,2.6115202159725346,3.3,0.2636318033521614,1.0,0,-1.0,3.00–4.99,2025-08,20–29.9%,30–39.9%,3.38,4.38,-1.0
2025-08-23,Burnley,Sunderland,H,MODEL C — TEAM + MARKET,A,0.3240907840029383,3.0855551881133825,3.5,0.1343177440102843,1.0,0,-1.0,3.00–4.99,2025-08,10–14.9%,30–39.9%,2.38,4.38,-2.0
2025-08-23,Arsenal,Leeds,H,MODEL C — TEAM + MARKET,D,0.1703007944242908,5.871963212975859,6.25,0.0643799651518177,1.0,0,-1.0,5.00–9.99,2025-08,5–9.9%,10–19.9%,1.38,4.38,-3.0
2025-08-23,Brentford,Aston Villa,H,MODEL C — TEAM + MARKET,D,0.316997753109942,3.1545964922129186,3.6,0.1411919111957913,1.0,0,-1.0,3.00–4.99,2025-08,10–14.9%,30–39.9%,0.3799999999999999,4.38,-4.0
2025-08-23,Man City,Tottenham,A,MODEL C — TEAM + MARKET,A,0.2054662977955478,4.866978237934984,6.25,0.2841643612221738,1.0,1,5.25,5.00–9.99,2025-08,20–29.9%,20–29.9%,5.63,5.63,0.0
2025-08-24,Crystal Palace,Nott'm Forest,D,MODEL C — TEAM + MARKET,D,0.3463500963188692,2.8872519760449094,3.3,0.1429553178522684,1.0,1,2.3,3.00–4.99,2025-08,10–14.9%,30–39.9%,7.93,7.93,0.0
2025-08-24,Fulham,Man United,D,MODEL C — TEAM + MARKET,A,0.5910634664668505,1.6918656907990175,2.15,0.2707864529037285,1.0,0,-1.0,2.00–2.99,2025-08,20–29.9%,50–59.9%,6.93,7.93,-1.0
2025-08-25,Newcastle,Liverpool,A,MODEL C — TEAM + MARKET,A,0.5557230254340129,1.7994575611097134,2.05,0.1392322021397263,1.0,1,1.0499999999999998,2.00–2.99,2025-08,10–14.9%,50–59.9%,7.9799999999999995,7.9799999999999995,0.0
2025-08-30,Wolves,Everton,A,MODEL C — TEAM + MARKET,D,0.391683625247589,2.5530809447749707,3.2,0.2533876007922848,1.0,0,-1.0,3.00–4.99,2025-08,20–29.9%,30–39.9%,6.9799999999999995,7.9799999999999995,-1.0
2025-08-30,Sunderland,Brentford,H,MODEL C — TEAM + MARKET,D,0.3313251132333102,3.018183530494493,3.3,0.0933728736699237,1.0,0,-1.0,3.00–4.99,2025-08,5–9.9%,30–39.9%,5.9799999999999995,7.9799999999999995,-2.0
2025-08-30,Tottenham,Bournemouth,A,MODEL C — TEAM + MARKET,D,0.2979649135634662,3.3560998442422343,4.2,0.2514526369665584,1.0,0,-1.0,3.00–4.99,2025-08,20–29.9%,20–29.9%,4.9799999999999995,7.9799999999999995,-3.0
2025-08-30,Leeds,Newcastle,D,MODEL C — TEAM + MARKET,D,0.3257485743376146,3.069852268834715,3.4,0.1075451527478896,1.0,1,2.4,3.00–4.99,2025-08,10–14.9%,30–39.9%,7.379999999999999,7.9799999999999995,-0.6000000000000005
2025-08-30,Man United,Burnley,H,MODEL C — TEAM + MARKET,A,0.1347515022165023,7.421067546937779,8.0,0.0780120177320189,1.0,0,-1.0,5.00–9.99,2025-08,5–9.9%,10–19.9%,6.379999999999999,7.9799999999999995,-1.6000000000000005
2025-08-31,Aston Villa,Crystal Palace,A,MODEL C — TEAM + MARKET,A,0.2817107136111246,3.549740750649643,4.0,0.1268428544444984,1.0,1,3.0,3.00–4.99,2025-08,10–14.9%,20–29.9%,9.379999999999999,9.379999999999999,0.0
2025-08-31,Brighton,Man City,H,MODEL C — TEAM + MARKET,A,0.5784146058693996,1.7288636729650466,1.9,0.0989877511518593,1.0,0,-1.0,1.50–1.99,2025-08,5–9.9%,50–59.9%,8.379999999999999,9.379999999999999,-1.0
2025-08-31,Liverpool,Arsenal,H,MODEL C — TEAM + MARKET,D,0.3455136002722008,2.8942420767581507,3.5,0.2092976009527027,1.0,0,-1.0,3.00–4.99,2025-08,20–29.9%,30–39.9%,7.379999999999999,9.379999999999999,-2.0
2025-09-13,Brentford,Chelsea,D,MODEL C — TEAM + MARKET,A,0.6126695489482661,1.6322012440746263,1.73,0.0599183196805002,1.0,0,-1.0,1.50–1.99,2025-09,5–9.9%,60–69.9%,6.379999999999999,9.379999999999999,-3.0
2025-09-13,West Ham,Tottenham,A,MODEL C — TEAM + MARKET,A,0.5040887600662547,1.9837776185855949,2.1,0.0585863961391348,1.0,1,1.1,2.00–2.99,2025-09,5–9.9%,50–59.9%,7.479999999999999,9.379999999999999,-1.9000000000000004
2025-09-13,Everton,Aston Villa,D,MODEL C — TEAM + MARKET,D,0.3239672278424289,3.0867319718103703,3.3,0.0690918518800152,1.0,1,2.3,3.00–4.99,2025-09,5–9.9%,30–39.9%,9.779999999999998,9.779999999999998,0.0
2025-09-13,Crystal Palace,Sunderland,D,MODEL C — TEAM + MARKET,A,0.1925254108378925,5.194119548416419,5.75,0.1070211123178823,1.0,0,-1.0,5.00–9.99,2025-09,10–14.9%,10–19.9%,8.779999999999998,9.779999999999998,-1.0
2025-09-13,Bournemouth,Brighton,H,MODEL C — TEAM + MARKET,A,0.3657859646386004,2.7338391755627045,2.9,0.0607792974519412,1.0,0,-1.0,2.00–2.99,2025-09,5–9.9%,30–39.9%,7.779999999999998,9.779999999999998,-2.0
2025-09-14,Burnley,Liverpool,A,MODEL C — TEAM + MARKET,A,0.8031084423292261,1.245161857718413,1.33,0.0681342282978707,1.0,1,0.33,1.00–1.49,2025-09,5–9.9%,80–89.9%,8.109999999999998,9.779999999999998,-1.67
2025-09-14,Man City,Man United,H,MODEL C — TEAM + MARKET,A,0.319419645107898,3.130677825599005,4.2,0.3415625094531715,1.0,0,-1.0,3.00–4.99,2025-09,30%+,30–39.9%,7.109999999999998,9.779999999999998,-2.67
2025-09-20,West Ham,Crystal Palace,A,MODEL C — TEAM + MARKET,A,0.4566342460628249,2.1899364942996797,2.38,0.0867895056295233,1.0,1,1.38,2.00–2.99,2025-09,5–9.9%,40–49.9%,8.489999999999998,9.779999999999998,-1.2899999999999991
2025-09-20,Liverpool,Everton,H,MODEL C — TEAM + MARKET,D,0.2466433233598774,4.05443774588173,4.75,0.1715557859594179,1.0,0,-1.0,3.00–4.99,2025-09,15–19.9%,20–29.9%,7.489999999999998,9.779999999999998,-2.289999999999999
2025-09-20,Wolves,Leeds,A,MODEL C — TEAM + MARKET,A,0.4142265928694226,2.414137617463956,2.75,0.1391231303909124,1.0,1,1.75,2.00–2.99,2025-09,10–14.9%,40–49.9%,9.239999999999998,9.779999999999998,-0.5399999999999991
2025-09-20,Brighton,Tottenham,D,MODEL C — TEAM + MARKET,D,0.3536902207998577,2.827332906571564,3.7,0.3086538169594737,1.0,1,2.7,3.00–4.99,2025-09,30%+,30–39.9%,11.939999999999998,11.939999999999998,0.0
2025-09-20,Burnley,Nott'm Forest,D,MODEL C — TEAM + MARKET,A,0.5038947419045947,1.9845414465335616,2.2,0.1085684321901083,1.0,0,-1.0,2.00–2.99,2025-09,10–14.9%,50–59.9%,10.939999999999998,11.939999999999998,-1.0
2025-09-21,Bournemouth,Newcastle,D,MODEL C — TEAM + MARKET,D,0.3324456381285698,3.0080105897291407,3.5,0.1635597334499945,1.0,1,2.5,3.00–4.99,2025-09,15–19.9%,30–39.9%,13.439999999999998,13.439999999999998,0.0
2025-09-21,Arsenal,Man City,D,MODEL C — TEAM + MARKET,D,0.2876868539978121,3.476001722371385,3.9,0.121978730591467,1.0,1,2.9,3.00–4.99,2025-09,10–14.9%,20–29.9%,16.339999999999996,16.339999999999996,0.0
2025-09-21,Sunderland,Aston Villa,D,MODEL C — TEAM + MARKET,A,0.5721539042922783,1.747781484139207,2.1,0.2015231990137844,1.0,0,-1.0,2.00–2.99,2025-09,20–29.9%,50–59.9%,15.339999999999996,16.339999999999996,-1.0
2025-09-27,Brentford,Man United,H,MODEL C — TEAM + MARKET,A,0.5495362879314012,1.8197160441656408,2.0,0.0990725758628023,1.0,0,-1.0,2.00–2.99,2025-09,5–9.9%,50–59.9%,14.339999999999996,16.339999999999996,-2.0
2025-09-27,Chelsea,Brighton,A,MODEL C — TEAM + MARKET,A,0.3046046507923408,3.2829439649026684,3.8,0.157497673010895,1.0,1,2.8,3.00–4.99,2025-09,15–19.9%,30–39.9%,17.139999999999997,17.139999999999997,0.0
2025-09-27,Leeds,Bournemouth,D,MODEL C — TEAM + MARKET,D,0.3518609869961693,2.8420314753760607,3.25,0.1435482077375502,1.0,1,2.25,3.00–4.99,2025-09,10–14.9%,30–39.9%,19.389999999999997,19.389999999999997,0.0
2025-09-27,Man City,Burnley,H,MODEL C — TEAM + MARKET,A,0.1173166081131266,8.523942313740564,15.0,0.7597491216969001,1.0,0,-1.0,10.00+,2025-09,30%+,10–19.9%,18.389999999999997,19.389999999999997,-1.0
2025-09-27,Nott'm Forest,Sunderland,A,MODEL C — TEAM + MARKET,D,0.28518080508759,3.5065473627962493,3.75,0.0694280190784626,1.0,0,-1.0,3.00–4.99,2025-09,5–9.9%,20–29.9%,17.389999999999997,19.389999999999997,-2.0
2025-09-27,Tottenham,Wolves,D,MODEL C — TEAM + MARKET,D,0.2562141502756212,3.902985057321208,4.5,0.1529636762402955,1.0,1,3.5,3.00–4.99,2025-09,15–19.9%,20–29.9%,20.889999999999997,20.889999999999997,0.0
2025-09-28,Aston Villa,Fulham,H,MODEL C — TEAM + MARKET,A,0.3232572249549635,3.0935116767748068,3.4,0.0990745648468758,1.0,0,-1.0,3.00–4.99,2025-09,5–9.9%,30–39.9%,19.889999999999997,20.889999999999997,-1.0
2025-09-28,Newcastle,Arsenal,A,MODEL C — TEAM + MARKET,D,0.3305935365730517,3.024862525644172,3.4,0.1240180243483757,1.0,0,-1.0,3.00–4.99,2025-09,10–14.9%,30–39.9%,18.889999999999997,20.889999999999997,-2.0
2025-09-29,Everton,West Ham,D,MODEL C — TEAM + MARKET,A,0.2159573432975427,4.630544091395934,5.0,0.0797867164877137,1.0,0,-1.0,5.00–9.99,2025-09,5–9.9%,20–29.9%,17.889999999999997,20.889999999999997,-3.0
2025-10-04,Man United,Sunderland,H,MODEL C — TEAM + MARKET,D,0.2692325382772382,3.7142613088254017,4.75,0.2788545568168816,1.0,0,-1.0,3.00–4.99,2025-10,20–29.9%,20–29.9%,16.889999999999997,20.889999999999997,-4.0
2025-10-04,Arsenal,West Ham,H,MODEL C — TEAM + MARKET,A,0.0691841341951247,14.45418102913064,17.0,0.1761302813171201,1.0,0,-1.0,10.00+,2025-10,15–19.9%,0–9.9%,15.889999999999997,20.889999999999997,-5.0
2025-10-04,Chelsea,Liverpool,H,MODEL C — TEAM + MARKET,A,0.4931069579709122,2.0279575938553047,2.3,0.1341460033330979,1.0,0,-1.0,2.00–2.99,2025-10,10–14.9%,40–49.9%,14.889999999999997,20.889999999999997,-6.0
2025-10-05,Aston Villa,Burnley,H,MODEL C — TEAM + MARKET,A,0.2110919770998031,4.737271466869656,5.75,0.2137788683238677,1.0,0,-1.0,5.00–9.99,2025-10,20–29.9%,20–29.9%,13.889999999999997,20.889999999999997,-7.0
2025-10-05,Brentford,Man City,A,MODEL C — TEAM + MARKET,A,0.6588434611095728,1.5178112238009889,1.62,0.0673264069975081,1.0,1,0.6200000000000001,1.50–1.99,2025-10,5–9.9%,60–69.9%,14.509999999999998,20.889999999999997,-6.379999999999999
2025-10-05,Wolves,Brighton,D,MODEL C — TEAM + MARKET,A,0.5551671634858812,1.801259270669079,2.0,0.1103343269717624,1.0,0,-1.0,2.00–2.99,2025-10,10–14.9%,50–59.9%,13.509999999999998,20.889999999999997,-7.379999999999999
2025-10-18,Nott'm Forest,Chelsea,A,MODEL C — TEAM + MARKET,A,0.5607029668744932,1.7834754925130232,1.95,0.0933707854052616,1.0,1,0.95,1.50–1.99,2025-10,5–9.9%,50–59.9%,14.459999999999997,20.889999999999997,-6.43
2025-10-18,Man City,Everton,H,MODEL C — TEAM + MARKET,D,0.2390327774079116,4.1835266729695855,5.0,0.1951638870395582,1.0,0,-1.0,5.00–9.99,2025-10,15–19.9%,20–29.9%,13.459999999999997,20.889999999999997,-7.43
2025-10-18,Fulham,Arsenal,A,MODEL C — TEAM + MARKET,A,0.7215484289067305,1.3859083603233275,1.55,0.1184000648054324,1.0,1,0.55,1.50–1.99,2025-10,10–14.9%,70–79.9%,14.009999999999998,20.889999999999997,-6.879999999999999
2025-10-18,Burnley,Leeds,H,MODEL C — TEAM + MARKET,A,0.5254233137716753,1.903227309845931,2.25,0.1822024559862693,1.0,0,-1.0,2.00–2.99,2025-10,15–19.9%,50–59.9%,13.009999999999998,20.889999999999997,-7.879999999999999
2025-10-18,Sunderland,Wolves,H,MODEL C — TEAM + MARKET,A,0.3544446726816612,2.8213147976923723,3.1,0.0987784853131497,1.0,0,-1.0,3.00–4.99,2025-10,5–9.9%,30–39.9%,12.009999999999998,20.889999999999997,-8.879999999999999
2025-10-18,Brighton,Newcastle,H,MODEL C — TEAM + MARKET,A,0.4053181315394163,2.4671977939944494,2.6,0.0538271420024825,1.0,0,-1.0,2.00–2.99,2025-10,5–9.9%,40–49.9%,11.009999999999998,20.889999999999997,-9.879999999999999
2025-10-19,Liverpool,Man United,A,MODEL C — TEAM + MARKET,D,0.2558998613825526,3.907778591974573,4.5,0.151549376221487,1.0,0,-1.0,3.00–4.99,2025-10,15–19.9%,20–29.9%,10.009999999999998,20.889999999999997,-10.879999999999999
2025-10-20,West Ham,Brentford,A,MODEL C — TEAM + MARKET,A,0.4003303122171258,2.49793725202011,2.88,0.1529512991853223,1.0,1,1.88,2.00–2.99,2025-10,15–19.9%,40–49.9%,11.889999999999997,20.889999999999997,-9.0
2025-10-24,Leeds,West Ham,H,MODEL C — TEAM + MARKET,A,0.2493096634515635,4.01107596936082,4.75,0.1842209013949269,1.0,0,-1.0,3.00–4.99,2025-10,15–19.9%,20–29.9%,10.889999999999997,20.889999999999997,-10.0
2025-10-25,Brentford,Liverpool,H,MODEL C — TEAM + MARKET,A,0.6687911632993334,1.495235067202026,1.75,0.1703845357738334,1.0,0,-1.0,1.50–1.99,2025-10,15–19.9%,60–69.9%,9.889999999999997,20.889999999999997,-11.0
2025-10-25,Chelsea,Sunderland,A,MODEL C — TEAM + MARKET,A,0.1492715410337591,6.699200618380703,9.0,0.3434438693038326,1.0,1,8.0,5.00–9.99,2025-10,30%+,10–19.9%,17.889999999999997,20.889999999999997,-3.0
2025-10-26,Aston Villa,Man City,H,MODEL C — TEAM + MARKET,D,0.3143735034938562,3.180929654968657,3.8,0.1946193132766536,1.0,0,-1.0,3.00–4.99,2025-10,15–19.9%,30–39.9%,16.889999999999997,20.889999999999997,-4.0
2025-10-26,Bournemouth,Nott'm Forest,H,MODEL C — TEAM + MARKET,D,0.3235754073495402,3.0904697244798847,3.8,0.2295865479282528,1.0,0,-1.0,3.00–4.99,2025-10,20–29.9%,30–39.9%,15.889999999999997,20.889999999999997,-5.0
2025-10-26,Wolves,Burnley,A,MODEL C — TEAM + MARKET,A,0.3047855863457006,3.2809950496338693,4.2,0.2800994626519426,1.0,1,3.2,3.00–4.99,2025-10,20–29.9%,30–39.9%,19.089999999999996,20.889999999999997,-1.8000000000000007
2025-11-01,Brighton,Leeds,H,MODEL C — TEAM + MARKET,D,0.3248004788354776,3.078813195058539,3.75,0.2180017956330409,1.0,0,-1.0,3.00–4.99,2025-11,20–29.9%,30–39.9%,18.089999999999996,20.889999999999997,-2.8000000000000007
2025-11-01,Burnley,Arsenal,A,MODEL C — TEAM + MARKET,D,0.1812448807627755,5.517397213049354,6.0,0.0874692845766529,1.0,0,-1.0,5.00–9.99,2025-11,5–9.9%,10–19.9%,17.089999999999996,20.889999999999997,-3.8000000000000007
2025-11-01,Fulham,Wolves,H,MODEL C — TEAM + MARKET,A,0.2956097342954317,3.382838533323135,4.5,0.3302438043294429,1.0,0,-1.0,3.00–4.99,2025-11,30%+,20–29.9%,16.089999999999996,20.889999999999997,-4.800000000000001
2025-11-01,Liverpool,Aston Villa,H,MODEL C — TEAM + MARKET,D,0.2960736840355824,3.3775375993221304,4.33,0.281999051874072,1.0,0,-1.0,3.00–4.99,2025-11,20–29.9%,20–29.9%,15.089999999999996,20.889999999999997,-5.800000000000001
2025-11-01,Nott'm Forest,Man United,D,MODEL C — TEAM + MARKET,A,0.5199968163720845,1.923088696920884,2.05,0.0659934735627731,1.0,0,-1.0,2.00–2.99,2025-11,5–9.9%,50–59.9%,14.089999999999996,20.889999999999997,-6.800000000000001
2025-11-01,Crystal Palace,Brentford,H,MODEL C — TEAM + MARKET,D,0.295053309617449,3.389218040958594,3.6,0.0621919146228164,1.0,0,-1.0,3.00–4.99,2025-11,5–9.9%,20–29.9%,13.089999999999996,20.889999999999997,-7.800000000000001
2025-11-02,West Ham,Newcastle,H,MODEL C — TEAM + MARKET,A,0.6795699182537961,1.4715189315171162,1.62,0.1009032675711496,1.0,0,-1.0,1.50–1.99,2025-11,10–14.9%,60–69.9%,12.089999999999996,20.889999999999997,-8.8
2025-11-03,Sunderland,Everton,D,MODEL C — TEAM + MARKET,A,0.4177609498840249,2.393713438935858,2.7,0.1279545646868674,1.0,0,-1.0,2.00–2.99,2025-11,10–14.9%,40–49.9%,11.089999999999996,20.889999999999997,-9.8
2025-11-08,Chelsea,Wolves,H,MODEL C — TEAM + MARKET,A,0.1397631924751656,7.154959630574328,8.5,0.1879871360389082,1.0,0,-1.0,5.00–9.99,2025-11,15–19.9%,10–19.9%,10.089999999999996,20.889999999999997,-10.8
2025-11-08,Everton,Fulham,H,MODEL C — TEAM + MARKET,A,0.3472356295574825,2.8798887984922548,3.4,0.1806011404954404,1.0,0,-1.0,3.00–4.99,2025-11,15–19.9%,30–39.9%,9.089999999999996,20.889999999999997,-11.8
2025-11-08,West Ham,Burnley,H,MODEL C — TEAM + MARKET,A,0.264931717620779,3.774557493457206,4.0,0.0597268704831162,1.0,0,-1.0,3.00–4.99,2025-11,5–9.9%,20–29.9%,8.089999999999996,20.889999999999997,-12.8
2025-11-09,Nott'm Forest,Leeds,H,MODEL C — TEAM + MARKET,A,0.3205688830895831,3.119454359893532,3.3,0.0578773141956243,1.0,0,-1.0,3.00–4.99,2025-11,5–9.9%,30–39.9%,7.089999999999996,20.889999999999997,-13.8
2025-11-09,Man City,Liverpool,H,MODEL C — TEAM + MARKET,D,0.300362308738994,3.3293125365771856,3.9,0.1714130040820767,1.0,0,-1.0,3.00–4.99,2025-11,15–19.9%,30–39.9%,6.089999999999996,20.889999999999997,-14.8
2025-11-09,Brentford,Newcastle,H,MODEL C — TEAM + MARKET,A,0.4803295796143131,2.0819038477766934,2.45,0.1768074700550672,1.0,0,-1.0,2.00–2.99,2025-11,15–19.9%,40–49.9%,5.089999999999996,20.889999999999997,-15.8
2025-11-09,Crystal Palace,Brighton,D,MODEL C — TEAM + MARKET,A,0.3521151500100344,2.8399800462192624,3.1,0.0915569650311067,1.0,0,-1.0,3.00–4.99,2025-11,5–9.9%,30–39.9%,4.089999999999996,20.889999999999997,-16.8
2025-11-22,Wolves,Crystal Palace,A,MODEL C — TEAM + MARKET,A,0.5413431069384059,1.847257288737917,1.95,0.0556190585298914,1.0,1,0.95,1.50–1.99,2025-11,5–9.9%,50–59.9%,5.0399999999999965,20.889999999999997,-15.850000000000001
2025-11-22,Newcastle,Man City,H,MODEL C — TEAM + MARKET,D,0.2892510696840234,3.4572041551735504,3.8,0.099154064799289,1.0,0,-1.0,3.00–4.99,2025-11,5–9.9%,20–29.9%,4.0399999999999965,20.889999999999997,-16.85
2025-11-22,Liverpool,Nott'm Forest,A,MODEL C — TEAM + MARKET,D,0.2673276157320097,3.740728384015809,5.0,0.3366380786600487,1.0,0,-1.0,5.00–9.99,2025-11,30%+,20–29.9%,3.0399999999999965,20.889999999999997,-17.85
2025-11-22,Burnley,Chelsea,A,MODEL C — TEAM + MARKET,A,0.7357084747261178,1.359234036786473,1.48,0.0888485425946543,1.0,1,0.48,1.00–1.49,2025-11,5–9.9%,70–79.9%,3.5199999999999965,20.889999999999997,-17.37
2025-11-22,Brighton,Brentford,H,MODEL C — TEAM + MARKET,A,0.2857535470902855,3.499519114224833,4.0,0.143014188361142,1.0,0,-1.0,3.00–4.99,2025-11,10–14.9%,20–29.9%,2.5199999999999965,20.889999999999997,-18.37
2025-11-22,Bournemouth,West Ham,D,MODEL C — TEAM + MARKET,D,0.3149773797267315,3.1748311604712103,4.2,0.3229049948522724,1.0,1,3.2,3.00–4.99,2025-11,30%+,30–39.9%,5.719999999999997,20.889999999999997,-15.17
2025-11-22,Fulham,Sunderland,H,MODEL C — TEAM + MARKET,A,0.2904826239638902,3.4425467050459773,3.75,0.0893098398645884,1.0,0,-1.0,3.00–4.99,2025-11,5–9.9%,20–29.9%,4.719999999999997,20.889999999999997,-16.17
2025-11-23,Arsenal,Tottenham,H,MODEL C — TEAM + MARKET,D,0.2597165473403559,3.8503515091378064,4.75,0.2336535998666906,1.0,0,-1.0,3.00–4.99,2025-11,20–29.9%,20–29.9%,3.719999999999997,20.889999999999997,-17.17
2025-11-23,Leeds,Aston Villa,A,MODEL C — TEAM + MARKET,A,0.4591454434632669,2.1779591069381987,2.4,0.1019490643118405,1.0,1,1.4,2.00–2.99,2025-11,10–14.9%,40–49.9%,5.119999999999997,20.889999999999997,-15.77
2025-11-24,Man United,Everton,A,MODEL C — TEAM + MARKET,D,0.3470336019770591,2.881565342096485,4.0,0.3881344079082365,1.0,0,-1.0,3.00–4.99,2025-11,30%+,30–39.9%,4.119999999999997,20.889999999999997,-16.77
2025-11-29,Man City,Leeds,H,MODEL C — TEAM + MARKET,A,0.1083555958867923,9.228872692876696,12.0,0.3002671506415075,1.0,0,-1.0,10.00+,2025-11,30%+,10–19.9%,3.1199999999999974,20.889999999999997,-17.77
2025-11-29,Brentford,Burnley,H,MODEL C — TEAM + MARKET,D,0.2519187395513838,3.9695339925120185,4.5,0.1336343279812273,1.0,0,-1.0,3.00–4.99,2025-11,10–14.9%,20–29.9%,2.1199999999999974,20.889999999999997,-18.77
2025-11-29,Everton,Newcastle,A,MODEL C — TEAM + MARKET,A,0.4446883139281793,2.2487660877940403,2.63,0.1695302656311117,1.0,1,1.63,2.00–2.99,2025-11,15–19.9%,40–49.9%,3.7499999999999973,20.889999999999997,-17.14
2025-11-29,Tottenham,Fulham,A,MODEL C — TEAM + MARKET,A,0.3326652985922257,3.00602438616773,3.3,0.097795485354345,1.0,1,2.3,3.00–4.99,2025-11,5–9.9%,30–39.9%,6.049999999999997,20.889999999999997,-14.84
2025-11-30,Aston Villa,Wolves,H,MODEL C — TEAM + MARKET,A,0.1801018275391555,5.552414507190897,6.5,0.1706618790045106,1.0,0,-1.0,5.00–9.99,2025-11,15–19.9%,10–19.9%,5.049999999999997,20.889999999999997,-15.84
2025-11-30,Crystal Palace,Man United,A,MODEL C — TEAM + MARKET,A,0.3904066783055141,2.561431593179476,3.1,0.2102607027470937,1.0,1,2.1,3.00–4.99,2025-11,20–29.9%,30–39.9%,7.149999999999997,20.889999999999997,-13.74
2025-11-30,Nott'm Forest,Brighton,A,MODEL C — TEAM + MARKET,A,0.4166067297258243,2.400345286448244,2.63,0.095675699178918,1.0,1,1.63,2.00–2.99,2025-11,5–9.9%,40–49.9%,8.779999999999998,20.889999999999997,-12.11
2025-12-02,Fulham,Man City,A,MODEL C — TEAM + MARKET,A,0.7292388636578373,1.3712927955924263,1.73,0.2615832341280586,1.0,1,0.73,1.50–1.99,2025-12,20–29.9%,70–79.9%,9.509999999999998,20.889999999999997,-11.379999999999999
2025-12-02,Bournemouth,Everton,A,MODEL C — TEAM + MARKET,D,0.328815721212759,3.04121711793991,3.25,0.0686510939414668,1.0,0,-1.0,3.00–4.99,2025-12,5–9.9%,30–39.9%,8.509999999999998,20.889999999999997,-12.379999999999999
2025-12-02,Newcastle,Tottenham,D,MODEL C — TEAM + MARKET,D,0.3574595183922171,2.7975195750774917,3.8,0.3583461698904251,1.0,1,2.8,3.00–4.99,2025-12,30%+,30–39.9%,11.309999999999999,20.889999999999997,-9.579999999999998
2025-12-03,Liverpool,Sunderland,D,MODEL C — TEAM + MARKET,D,0.2211545109909195,4.521725537133897,5.25,0.1610611827023276,1.0,1,4.25,5.00–9.99,2025-12,15–19.9%,20–29.9%,15.559999999999999,20.889999999999997,-5.329999999999998
2025-12-03,Leeds,Chelsea,H,MODEL C — TEAM + MARKET,A,0.6137289010100592,1.6293839158531167,1.8,0.1047120218181065,1.0,0,-1.0,1.50–1.99,2025-12,10–14.9%,60–69.9%,14.559999999999999,20.889999999999997,-6.329999999999998
2025-12-03,Wolves,Nott'm Forest,A,MODEL C — TEAM + MARKET,A,0.482266882741292,2.07354068003969,2.25,0.085100486167907,1.0,1,1.25,2.00–2.99,2025-12,5–9.9%,40–49.9%,15.809999999999999,20.889999999999997,-5.079999999999998
2025-12-03,Brighton,Aston Villa,A,MODEL C — TEAM + MARKET,D,0.3639500876915413,2.747629506954619,3.5,0.2738253069203946,1.0,0,-1.0,3.00–4.99,2025-12,20–29.9%,30–39.9%,14.809999999999999,20.889999999999997,-6.079999999999998
2025-12-03,Arsenal,Brentford,H,MODEL C — TEAM + MARKET,D,0.2145953244766898,4.659933772735221,5.0,0.0729766223834489,1.0,0,-1.0,5.00–9.99,2025-12,5–9.9%,20–29.9%,13.809999999999999,20.889999999999997,-7.079999999999998
2025-12-03,Burnley,Crystal Palace,A,MODEL C — TEAM + MARKET,A,0.6258204581212242,1.5979023808235675,1.75,0.0951858017121423,1.0,1,0.75,1.50–1.99,2025-12,5–9.9%,60–69.9%,14.559999999999999,20.889999999999997,-6.329999999999998
2025-12-04,Man United,West Ham,D,MODEL C — TEAM + MARKET,D,0.2818276342545441,3.548268084657763,5.0,0.4091381712727209,1.0,1,4.0,5.00–9.99,2025-12,30%+,20–29.9%,18.56,20.889999999999997,-2.3299999999999983
2025-12-06,Newcastle,Burnley,H,MODEL C — TEAM + MARKET,D,0.2255448332262224,4.433708304002672,6.0,0.3532689993573343,1.0,0,-1.0,5.00–9.99,2025-12,30%+,20–29.9%,17.56,20.889999999999997,-3.3299999999999983
2025-12-06,Man City,Sunderland,H,MODEL C — TEAM + MARKET,D,0.1730351022960338,5.779174206451873,6.5,0.12472816492422,1.0,0,-1.0,5.00–9.99,2025-12,10–14.9%,10–19.9%,16.56,20.889999999999997,-4.329999999999998
2025-12-06,Leeds,Liverpool,D,MODEL C — TEAM + MARKET,A,0.6368489013088822,1.570231177198787,1.85,0.1781704674214321,1.0,0,-1.0,1.50–1.99,2025-12,15–19.9%,60–69.9%,15.559999999999999,20.889999999999997,-5.329999999999998
2025-12-06,Everton,Nott'm Forest,H,MODEL C — TEAM + MARKET,D,0.3617470445206915,2.764362598525117,3.2,0.1575905424662129,1.0,0,-1.0,3.00–4.99,2025-12,15–19.9%,30–39.9%,14.559999999999999,20.889999999999997,-6.329999999999998
2025-12-07,Fulham,Crystal Palace,A,MODEL C — TEAM + MARKET,D,0.3359222799329713,2.976879057261508,3.3,0.1085435237788052,1.0,0,-1.0,3.00–4.99,2025-12,10–14.9%,30–39.9%,13.559999999999999,20.889999999999997,-7.329999999999998
2025-12-08,Wolves,Man United,A,MODEL C — TEAM + MARKET,A,0.613650925323326,1.6295909591810864,1.75,0.0738891193158204,1.0,1,0.75,1.50–1.99,2025-12,5–9.9%,60–69.9%,14.309999999999999,20.889999999999997,-6.579999999999998
2025-12-13,Arsenal,Wolves,H,MODEL C — TEAM + MARKET,A,0.0866422730292079,11.541710126451672,21.0,0.8194877336133668,1.0,0,-1.0,10.00+,2025-12,30%+,0–9.9%,13.309999999999999,20.889999999999997,-7.579999999999998
2025-12-13,Burnley,Fulham,A,MODEL C — TEAM + MARKET,A,0.5880363747704558,1.7005750713811831,1.91,0.1231494758115705,1.0,1,0.91,1.50–1.99,2025-12,10–14.9%,50–59.9%,14.219999999999999,20.889999999999997,-6.669999999999998
2025-12-13,Chelsea,Everton,H,MODEL C — TEAM + MARKET,D,0.2891006502579392,3.459002942773693,3.8,0.098582470980169,1.0,0,-1.0,3.00–4.99,2025-12,5–9.9%,20–29.9%,13.219999999999999,20.889999999999997,-7.669999999999998
2025-12-14,Crystal Palace,Man City,A,MODEL C — TEAM + MARKET,A,0.5731291619855416,1.7448073947862155,1.85,0.0602889496732521,1.0,1,0.8500000000000001,1.50–1.99,2025-12,5–9.9%,50–59.9%,14.069999999999999,20.889999999999997,-6.8199999999999985
2025-12-14,West Ham,Aston Villa,A,MODEL C — TEAM + MARKET,D,0.3527162002704768,2.8351405442482096,3.5,0.2345067009466688,1.0,0,-1.0,3.00–4.99,2025-12,20–29.9%,30–39.9%,13.069999999999999,20.889999999999997,-7.8199999999999985
2025-12-14,Brentford,Leeds,D,MODEL C — TEAM + MARKET,A,0.3298287183988051,3.0318766808864472,4.0,0.3193148735952205,1.0,0,-1.0,3.00–4.99,2025-12,30%+,30–39.9%,12.069999999999999,20.889999999999997,-8.819999999999999
2025-12-15,Man United,Bournemouth,D,MODEL C — TEAM + MARKET,A,0.3026242773950468,3.3044275515760964,3.8,0.1499722541011778,1.0,0,-1.0,3.00–4.99,2025-12,10–14.9%,30–39.9%,11.069999999999999,20.889999999999997,-9.819999999999999
2025-12-20,Bournemouth,Burnley,D,MODEL C — TEAM + MARKET,A,0.1803131747087114,5.545906457558962,6.5,0.1720356356066243,1.0,0,-1.0,5.00–9.99,2025-12,15–19.9%,10–19.9%,10.069999999999999,20.889999999999997,-10.819999999999999
2025-12-20,Wolves,Brentford,A,MODEL C — TEAM + MARKET,A,0.5925272526112636,1.6876860863243113,2.05,0.2146808678530902,1.0,1,1.0499999999999998,2.00–2.99,2025-12,20–29.9%,50–59.9%,11.119999999999997,20.889999999999997,-9.77
2025-12-20,Newcastle,Chelsea,D,MODEL C — TEAM + MARKET,D,0.3412224868042077,2.930639212455528,3.6,0.228400952495148,1.0,1,2.6,3.00–4.99,2025-12,20–29.9%,30–39.9%,13.719999999999997,20.889999999999997,-7.17
2025-12-20,Man City,West Ham,H,MODEL C — TEAM + MARKET,D,0.1774652850794873,5.634904874787745,8.0,0.4197222806358986,1.0,0,-1.0,5.00–9.99,2025-12,30%+,10–19.9%,12.719999999999997,20.889999999999997,-8.17
2025-12-20,Everton,Arsenal,A,MODEL C — TEAM + MARKET,A,0.6965442434376223,1.435658982787291,1.57,0.0935744621970671,1.0,1,0.5700000000000001,1.50–1.99,2025-12,5–9.9%,60–69.9%,13.289999999999997,20.889999999999997,-7.6
2025-12-20,Brighton,Sunderland,D,MODEL C — TEAM + MARKET,D,0.2984082437327105,3.3511138549366533,4.0,0.193632974930842,1.0,1,3.0,3.00–4.99,2025-12,15–19.9%,20–29.9%,16.29,20.889999999999997,-4.599999999999998
2025-12-20,Leeds,Crystal Palace,H,MODEL C — TEAM + MARKET,D,0.3663332427176028,2.729754997339608,3.3,0.2088997009680893,1.0,0,-1.0,3.00–4.99,2025-12,20–29.9%,30–39.9%,15.29,20.889999999999997,-5.599999999999998
2025-12-21,Aston Villa,Man United,H,MODEL C — TEAM + MARKET,D,0.3101003574102307,3.224762487703629,3.6,0.1163612866768304,1.0,0,-1.0,3.00–4.99,2025-12,10–14.9%,30–39.9%,14.29,20.889999999999997,-6.599999999999998
2025-12-26,Man United,Newcastle,H,MODEL C — TEAM + MARKET,D,0.3190828942112068,3.1339818528099523,3.6,0.1486984191603446,1.0,0,-1.0,3.00–4.99,2025-12,10–14.9%,30–39.9%,13.29,20.889999999999997,-7.599999999999998
2025-12-27,Nott'm Forest,Man City,A,MODEL C — TEAM + MARKET,A,0.6612766771517418,1.5122263260625055,1.6,0.0580426834427869,1.0,1,0.6000000000000001,1.50–1.99,2025-12,5–9.9%,60–69.9%,13.889999999999999,20.889999999999997,-6.999999999999998
2025-12-27,Liverpool,Wolves,H,MODEL C — TEAM + MARKET,D,0.1997170202640473,5.007084517272952,6.5,0.2981606317163079,1.0,0,-1.0,5.00–9.99,2025-12,20–29.9%,10–19.9%,12.889999999999999,20.889999999999997,-7.999999999999998
2025-12-27,Burnley,Everton,D,MODEL C — TEAM + MARKET,A,0.5498902966373598,1.8185445462760683,1.95,0.0722860784428516,1.0,0,-1.0,1.50–1.99,2025-12,5–9.9%,50–59.9%,11.889999999999999,20.889999999999997,-8.999999999999998
2025-12-27,Brentford,Bournemouth,H,MODEL C — TEAM + MARKET,A,0.4202195337737978,2.379708508596593,3.0,0.2606586013213934,1.0,0,-1.0,3.00–4.99,2025-12,20–29.9%,40–49.9%,10.889999999999999,20.889999999999997,-9.999999999999998
2025-12-27,Arsenal,Brighton,H,MODEL C — TEAM + MARKET,D,0.2499804099676521,4.00031346508073,4.75,0.1874069473463477,1.0,0,-1.0,3.00–4.99,2025-12,15–19.9%,20–29.9%,9.889999999999999,20.889999999999997,-10.999999999999998
2025-12-27,Chelsea,Aston Villa,A,MODEL C — TEAM + MARKET,D,0.2943164170396334,3.3977037708546765,3.9,0.1478340264545703,1.0,0,-1.0,3.00–4.99,2025-12,10–14.9%,20–29.9%,8.889999999999999,20.889999999999997,-11.999999999999998
2025-12-28,Sunderland,Leeds,D,MODEL C — TEAM + MARKET,A,0.417384191998927,2.3958741590351624,2.88,0.2020664729569097,1.0,0,-1.0,2.00–2.99,2025-12,20–29.9%,40–49.9%,7.889999999999999,20.889999999999997,-12.999999999999998
2025-12-30,Burnley,Newcastle,A,MODEL C — TEAM + MARKET,A,0.751559028167108,1.3305674770999512,1.6,0.2024944450673729,1.0,1,0.6000000000000001,1.50–1.99,2025-12,20–29.9%,70–79.9%,8.489999999999998,20.889999999999997,-12.399999999999999
2025-12-30,Arsenal,Aston Villa,H,MODEL C — TEAM + MARKET,D,0.2355154559989805,4.246005833283098,4.75,0.1186984159951574,1.0,0,-1.0,3.00–4.99,2025-12,10–14.9%,20–29.9%,7.489999999999998,20.889999999999997,-13.399999999999999
2025-12-30,Nott'm Forest,Everton,A,MODEL C — TEAM + MARKET,D,0.3326577723400387,3.0060923962955304,3.25,0.0811377601051259,1.0,0,-1.0,3.00–4.99,2025-12,5–9.9%,30–39.9%,6.489999999999998,20.889999999999997,-14.399999999999999
2025-12-30,West Ham,Brighton,D,MODEL C — TEAM + MARKET,A,0.5635026491395325,1.7746145497754058,2.0,0.127005298279065,1.0,0,-1.0,2.00–2.99,2025-12,10–14.9%,50–59.9%,5.489999999999998,20.889999999999997,-15.399999999999999
2025-12-30,Man United,Wolves,D,MODEL C — TEAM + MARKET,A,0.1526808761694075,6.549608733515826,8.0,0.2214470093552603,1.0,0,-1.0,5.00–9.99,2025-12,20–29.9%,10–19.9%,4.489999999999998,20.889999999999997,-16.4
2026-01-01,Brentford,Tottenham,D,MODEL C — TEAM + MARKET,D,0.3374766406338688,2.963168052525769,3.6,0.2149159062819277,1.0,1,2.6,3.00–4.99,2026-01,20–29.9%,30–39.9%,7.089999999999998,20.889999999999997,-13.799999999999999
2026-01-01,Liverpool,Leeds,D,MODEL C — TEAM + MARKET,D,0.2521991226629599,3.9651208514963967,4.5,0.1348960519833197,1.0,1,3.5,3.00–4.99,2026-01,10–14.9%,20–29.9%,10.589999999999998,20.889999999999997,-10.299999999999999
2026-01-03,Wolves,West Ham,H,MODEL C — TEAM + MARKET,A,0.4084464007901331,2.448301657366831,2.88,0.1763256342755834,1.0,0,-1.0,2.00–2.99,2026-01,15–19.9%,40–49.9%,9.589999999999998,20.889999999999997,-11.299999999999999
2026-01-03,Brighton,Burnley,H,MODEL C — TEAM + MARKET,A,0.1808626092398593,5.529058793317549,7.0,0.2660382646790153,1.0,0,-1.0,5.00–9.99,2026-01,20–29.9%,10–19.9%,8.589999999999998,20.889999999999997,-12.299999999999999
2026-01-03,Aston Villa,Nott'm Forest,H,MODEL C — TEAM + MARKET,D,0.3509448691541599,2.849450406299369,3.9,0.3686849897012239,1.0,0,-1.0,3.00–4.99,2026-01,30%+,30–39.9%,7.589999999999998,20.889999999999997,-13.299999999999999
2026-01-03,Bournemouth,Arsenal,A,MODEL C — TEAM + MARKET,D,0.2291339411001056,4.364259590695526,4.75,0.0883862202255019,1.0,0,-1.0,3.00–4.99,2026-01,5–9.9%,20–29.9%,6.589999999999998,20.889999999999997,-14.299999999999999
2026-01-04,Newcastle,Crystal Palace,H,MODEL C — TEAM + MARKET,D,0.3277368009260882,3.0512289043351037,3.9,0.2781735236117439,1.0,0,-1.0,3.00–4.99,2026-01,20–29.9%,30–39.9%,5.589999999999998,20.889999999999997,-15.299999999999999
2026-01-04,Man City,Chelsea,D,MODEL C — TEAM + MARKET,D,0.2349802969950049,4.255675955764314,4.75,0.1161564107262735,1.0,1,3.75,3.00–4.99,2026-01,10–14.9%,20–29.9%,9.339999999999998,20.889999999999997,-11.549999999999999
2026-01-04,Everton,Brentford,A,MODEL C — TEAM + MARKET,A,0.3954679516121125,2.528649909363153,3.1,0.2259506499975487,1.0,1,2.1,3.00–4.99,2026-01,20–29.9%,30–39.9%,11.439999999999998,20.889999999999997,-9.45
2026-01-06,West Ham,Nott'm Forest,A,MODEL C — TEAM + MARKET,A,0.4951702662868741,2.019507365615236,2.2,0.0893745858311232,1.0,1,1.2000000000000002,2.00–2.99,2026-01,5–9.9%,40–49.9%,12.639999999999997,20.889999999999997,-8.25
2026-01-07,Brentford,Sunderland,H,MODEL C — TEAM + MARKET,A,0.2435005988528852,4.106766080703424,4.33,0.0543575930329929,1.0,0,-1.0,3.00–4.99,2026-01,5–9.9%,20–29.9%,11.639999999999997,20.889999999999997,-9.25
2026-01-07,Burnley,Man United,D,MODEL C — TEAM + MARKET,A,0.619283947100005,1.614768160361365,1.7,0.0527827100700084,1.0,0,-1.0,1.50–1.99,2026-01,5–9.9%,60–69.9%,10.639999999999997,20.889999999999997,-10.25
2026-01-07,Crystal Palace,Aston Villa,D,MODEL C — TEAM + MARKET,H,0.3608897722621131,2.770929177992063,3.1,0.1187582940125508,1.0,0,-1.0,3.00–4.99,2026-01,10–14.9%,30–39.9%,9.639999999999997,20.889999999999997,-11.25
2026-01-07,Everton,Wolves,D,MODEL C — TEAM + MARKET,A,0.2676694677977882,3.735950940640915,5.0,0.3383473389889411,1.0,0,-1.0,5.00–9.99,2026-01,30%+,20–29.9%,8.639999999999997,20.889999999999997,-12.25
2026-01-07,Man City,Brighton,D,MODEL C — TEAM + MARKET,D,0.2354030764478308,4.248032842602278,5.25,0.2358661513511115,1.0,1,4.25,5.00–9.99,2026-01,20–29.9%,20–29.9%,12.889999999999997,20.889999999999997,-8.0
2026-01-07,Newcastle,Leeds,H,MODEL C — TEAM + MARKET,A,0.247805405075925,4.035424488394876,5.0,0.2390270253796254,1.0,0,-1.0,5.00–9.99,2026-01,20–29.9%,20–29.9%,11.889999999999997,20.889999999999997,-9.0
2026-01-08,Arsenal,Liverpool,D,MODEL C — TEAM + MARKET,D,0.2860234969610246,3.4962162571429105,4.1,0.1726963375402006,1.0,1,3.1,3.00–4.99,2026-01,15–19.9%,20–29.9%,14.989999999999997,20.889999999999997,-5.9
2026-01-17,Tottenham,West Ham,A,MODEL C — TEAM + MARKET,D,0.2747106725511251,3.640193483250618,4.0,0.0988426902045003,1.0,0,-1.0,3.00–4.99,2026-01,5–9.9%,20–29.9%,13.989999999999997,20.889999999999997,-6.9
2026-01-17,Sunderland,Crystal Palace,H,MODEL C — TEAM + MARKET,D,0.3426672029237512,2.918283370768096,3.1,0.062268329063629,1.0,0,-1.0,3.00–4.99,2026-01,5–9.9%,30–39.9%,12.989999999999997,20.889999999999997,-7.9
2026-01-17,Chelsea,Brentford,H,MODEL C — TEAM + MARKET,D,0.3132214179701895,3.192629694611669,4.0,0.2528856718807579,1.0,0,-1.0,3.00–4.99,2026-01,20–29.9%,30–39.9%,11.989999999999997,20.889999999999997,-8.9
2026-01-18,Wolves,Newcastle,D,MODEL C — TEAM + MARKET,A,0.6179972002906978,1.6181303079198628,1.7,0.0505952404941862,1.0,0,-1.0,1.50–1.99,2026-01,5–9.9%,60–69.9%,10.989999999999997,20.889999999999997,-9.9
2026-01-18,Aston Villa,Everton,A,MODEL C — TEAM + MARKET,D,0.3101289957204353,3.2244647027504856,3.9,0.2095030833096975,1.0,0,-1.0,3.00–4.99,2026-01,20–29.9%,30–39.9%,9.989999999999997,20.889999999999997,-10.9
2026-01-25,Crystal Palace,Chelsea,A,MODEL C — TEAM + MARKET,A,0.599048228166278,1.669314677819946,2.0,0.198096456332556,1.0,1,1.0,2.00–2.99,2026-01,15–19.9%,50–59.9%,10.989999999999997,20.889999999999997,-9.9
2026-01-25,Newcastle,Aston Villa,A,MODEL C — TEAM + MARKET,D,0.3138775036374935,3.185956267687568,3.7,0.1613467634587262,1.0,0,-1.0,3.00–4.99,2026-01,15–19.9%,30–39.9%,9.989999999999997,20.889999999999997,-10.9
2026-01-25,Brentford,Nott'm Forest,A,MODEL C — TEAM + MARKET,A,0.2713032601823955,3.685912212509744,4.1,0.1123433667478213,1.0,1,3.1,3.00–4.99,2026-01,10–14.9%,20–29.9%,13.089999999999996,20.889999999999997,-7.800000000000001
2026-01-25,Arsenal,Man United,A,MODEL C — TEAM + MARKET,D,0.2777434708506048,3.6004446726954358,4.2,0.1665225775725403,1.0,0,-1.0,3.00–4.99,2026-01,15–19.9%,20–29.9%,12.089999999999996,20.889999999999997,-8.8
2026-01-26,Everton,Leeds,D,MODEL C — TEAM + MARKET,A,0.3644266406606169,2.74403649027207,2.9,0.0568372579157889,1.0,0,-1.0,2.00–2.99,2026-01,5–9.9%,30–39.9%,11.089999999999996,20.889999999999997,-9.8
2026-01-31,Wolves,Bournemouth,A,MODEL C — TEAM + MARKET,A,0.4640021632206855,2.1551623661814414,2.3,0.0672049754075767,1.0,1,1.2999999999999998,2.00–2.99,2026-01,5–9.9%,40–49.9%,12.389999999999997,20.889999999999997,-8.5
2026-01-31,Leeds,Arsenal,A,MODEL C — TEAM + MARKET,A,0.7082026588295154,1.4120251986242949,1.55,0.0977141211857488,1.0,1,0.55,1.50–1.99,2026-01,5–9.9%,70–79.9%,12.939999999999998,20.889999999999997,-7.949999999999999
2026-01-31,Liverpool,Newcastle,H,MODEL C — TEAM + MARKET,D,0.2963064344028883,3.3748845245807204,3.9,0.1555950941712642,1.0,0,-1.0,3.00–4.99,2026-01,15–19.9%,20–29.9%,11.939999999999998,20.889999999999997,-8.95
2026-02-01,Aston Villa,Brentford,A,MODEL C — TEAM + MARKET,D,0.3544126843662425,2.821569441816651,3.5,0.2404443952818489,1.0,0,-1.0,3.00–4.99,2026-02,20–29.9%,30–39.9%,10.939999999999998,20.889999999999997,-9.95
2026-02-01,Man United,Fulham,H,MODEL C — TEAM + MARKET,D,0.2607609486690562,3.834930057986353,4.5,0.1734242690107528,1.0,0,-1.0,3.00–4.99,2026-02,15–19.9%,20–29.9%,9.939999999999998,20.889999999999997,-10.95
2026-02-01,Nott'm Forest,Crystal Palace,D,MODEL C — TEAM + MARKET,A,0.2693010628852272,3.713316201897753,3.9,0.0502741452523862,1.0,0,-1.0,3.00–4.99,2026-02,5–9.9%,20–29.9%,8.939999999999998,20.889999999999997,-11.95
2026-02-01,Tottenham,Man City,D,MODEL C — TEAM + MARKET,A,0.6253335675468428,1.5991465225878692,1.73,0.0818270718560378,1.0,0,-1.0,1.50–1.99,2026-02,5–9.9%,60–69.9%,7.939999999999998,20.889999999999997,-12.95
2026-02-02,Sunderland,Burnley,H,MODEL C — TEAM + MARKET,A,0.2592556179251791,3.857197032037311,4.75,0.2314641851446008,1.0,0,-1.0,3.00–4.99,2026-02,20–29.9%,20–29.9%,6.939999999999998,20.889999999999997,-13.95
2026-02-06,Leeds,Nott'm Forest,H,MODEL C — TEAM + MARKET,D,0.3434203792880326,2.911883103947313,3.3,0.1332872516505077,1.0,0,-1.0,3.00–4.99,2026-02,10–14.9%,30–39.9%,5.939999999999998,20.889999999999997,-14.95
2026-02-07,Bournemouth,Aston Villa,D,MODEL C — TEAM + MARKET,D,0.328513156145432,3.0440181201062835,3.5,0.149796046509012,1.0,1,2.5,3.00–4.99,2026-02,10–14.9%,30–39.9%,8.439999999999998,20.889999999999997,-12.45
2026-02-07,Arsenal,Sunderland,H,MODEL C — TEAM + MARKET,D,0.1778396075319066,5.623044348096571,6.25,0.1114975470744163,1.0,0,-1.0,5.00–9.99,2026-02,10–14.9%,10–19.9%,7.439999999999998,20.889999999999997,-13.45
2026-02-07,Fulham,Everton,A,MODEL C — TEAM + MARKET,A,0.2953834741707459,3.3854297462218605,3.75,0.1076880281402972,1.0,1,2.75,3.00–4.99,2026-02,10–14.9%,20–29.9%,10.189999999999998,20.889999999999997,-10.7
2026-02-07,Wolves,Chelsea,A,MODEL C — TEAM + MARKET,A,0.6552586696880827,1.5261148707517624,1.67,0.094281978379098,1.0,1,0.6699999999999999,1.50–1.99,2026-02,5–9.9%,60–69.9%,10.859999999999998,20.889999999999997,-10.03
2026-02-07,Newcastle,Brentford,A,MODEL C — TEAM + MARKET,D,0.3865805994549486,2.586782682343422,3.5,0.35303209809232,1.0,0,-1.0,3.00–4.99,2026-02,30%+,30–39.9%,9.859999999999998,20.889999999999997,-11.03
2026-02-08,Brighton,Crystal Palace,A,MODEL C — TEAM + MARKET,A,0.3359103613578656,2.976984681144264,3.9,0.3100504092956759,1.0,1,2.9,3.00–4.99,2026-02,30%+,30–39.9%,12.759999999999998,20.889999999999997,-8.129999999999999
2026-02-08,Liverpool,Man City,A,MODEL C — TEAM + MARKET,D,0.3012452083179733,3.3195548755234308,3.7,0.1146072707765015,1.0,0,-1.0,3.00–4.99,2026-02,10–14.9%,30–39.9%,11.759999999999998,20.889999999999997,-9.129999999999999
2026-02-10,Tottenham,Newcastle,A,MODEL C — TEAM + MARKET,A,0.4779558038515357,2.0922436592288425,2.2,0.0515027684733786,1.0,1,1.2000000000000002,2.00–2.99,2026-02,5–9.9%,40–49.9%,12.959999999999997,20.889999999999997,-7.93
2026-02-10,Chelsea,Leeds,D,MODEL C — TEAM + MARKET,D,0.2435109269738032,4.106591898882547,4.33,0.0544023137965681,1.0,1,3.33,3.00–4.99,2026-02,5–9.9%,20–29.9%,16.29,20.889999999999997,-4.599999999999998
2026-02-11,Sunderland,Liverpool,A,MODEL C — TEAM + MARKET,A,0.6732405549590758,1.4853531811683374,1.73,0.164706160079201,1.0,1,0.73,1.50–1.99,2026-02,15–19.9%,60–69.9%,17.02,20.889999999999997,-3.8699999999999974
2026-02-11,Aston Villa,Brighton,H,MODEL C — TEAM + MARKET,A,0.3614142566592416,2.766908005355326,3.8,0.3733741753051181,1.0,0,-1.0,3.00–4.99,2026-02,30%+,30–39.9%,16.02,20.889999999999997,-4.869999999999997
2026-02-11,Man City,Fulham,H,MODEL C — TEAM + MARKET,D,0.2362005816042149,4.23368982924704,5.5,0.2991031988231818,1.0,0,-1.0,5.00–9.99,2026-02,20–29.9%,20–29.9%,15.02,20.889999999999997,-5.869999999999997
2026-02-11,Crystal Palace,Burnley,A,MODEL C — TEAM + MARKET,A,0.1728019841415104,5.786970589302282,6.25,0.08001240088444,1.0,1,5.25,5.00–9.99,2026-02,5–9.9%,10–19.9%,20.27,20.889999999999997,-0.6199999999999974
2026-02-12,Brentford,Arsenal,D,MODEL C — TEAM + MARKET,A,0.6576239564584834,1.520625868597187,1.7,0.1179607259794217,1.0,0,-1.0,1.50–1.99,2026-02,10–14.9%,60–69.9%,19.27,20.889999999999997,-1.6199999999999974
2026-02-21,Aston Villa,Leeds,D,MODEL C — TEAM + MARKET,A,0.2591918572558597,3.858145894656158,4.33,0.1223007419178725,1.0,0,-1.0,3.00–4.99,2026-02,10–14.9%,20–29.9%,18.27,20.889999999999997,-2.6199999999999974
2026-02-21,Brentford,Brighton,A,MODEL C — TEAM + MARKET,A,0.3471057258069777,2.8809665921676286,3.5,0.2148700403244221,1.0,1,2.5,3.00–4.99,2026-02,20–29.9%,30–39.9%,20.77,20.889999999999997,-0.11999999999999744
2026-02-21,West Ham,Bournemouth,D,MODEL C — TEAM + MARKET,D,0.330284718656514,3.027690787716913,3.7,0.2220534590291021,1.0,1,2.7,3.00–4.99,2026-02,20–29.9%,30–39.9%,23.47,23.47,0.0
2026-02-22,Sunderland,Fulham,A,MODEL C — TEAM + MARKET,A,0.4282989680796346,2.3348176730000145,2.7,0.1564072138150136,1.0,1,1.7000000000000002,2.00–2.99,2026-02,15–19.9%,40–49.9%,25.169999999999998,25.169999999999998,0.0
2026-02-22,Tottenham,Arsenal,A,MODEL C — TEAM + MARKET,A,0.6817295729503208,1.4668572989613762,1.57,0.0703154295320036,1.0,1,0.5700000000000001,1.50–1.99,2026-02,5–9.9%,60–69.9%,25.74,25.74,0.0
2026-02-27,Wolves,Aston Villa,H,MODEL C — TEAM + MARKET,A,0.602855701715989,1.6587717378363775,1.85,0.1152830481745796,1.0,0,-1.0,1.50–1.99,2026-02,10–14.9%,60–69.9%,24.74,25.74,-1.0
2026-02-28,Leeds,Man City,A,MODEL C — TEAM + MARKET,A,0.6602313094255982,1.5146206878162154,1.62,0.069574721269469,1.0,1,0.6200000000000001,1.50–1.99,2026-02,5–9.9%,60–69.9%,25.36,25.74,-0.379999999999999
2026-02-28,Bournemouth,Sunderland,D,MODEL C — TEAM + MARKET,D,0.3187747532201034,3.137011290569592,3.75,0.1954053245753879,1.0,1,2.75,3.00–4.99,2026-02,15–19.9%,30–39.9%,28.11,28.11,0.0
2026-02-28,Newcastle,Everton,A,MODEL C — TEAM + MARKET,D,0.3064141508097944,3.263556847349216,4.0,0.2256566032391778,1.0,0,-1.0,3.00–4.99,2026-02,20–29.9%,30–39.9%,27.11,28.11,-1.0
2026-03-01,Brighton,Nott'm Forest,H,MODEL C — TEAM + MARKET,A,0.3791306681593863,2.637613055295228,3.5,0.3269573385578519,1.0,0,-1.0,3.00–4.99,2026-03,30%+,30–39.9%,26.11,28.11,-2.0
2026-03-01,Fulham,Tottenham,H,MODEL C — TEAM + MARKET,A,0.3493577209329247,2.8623955907704013,3.3,0.1528804790786515,1.0,0,-1.0,3.00–4.99,2026-03,15–19.9%,30–39.9%,25.11,28.11,-3.0
2026-03-01,Man United,Crystal Palace,H,MODEL C — TEAM + MARKET,D,0.2942229844294217,3.3987827359554235,4.5,0.3240034299323979,1.0,0,-1.0,3.00–4.99,2026-03,30%+,20–29.9%,24.11,28.11,-4.0
2026-03-03,Bournemouth,Brentford,D,MODEL C — TEAM + MARKET,D,0.3256407340775221,3.070868891242396,3.6,0.1723066426790795,1.0,1,2.6,3.00–4.99,2026-03,15–19.9%,30–39.9%,26.71,28.11,-1.3999999999999986
2026-03-03,Leeds,Sunderland,A,MODEL C — TEAM + MARKET,A,0.2732140568903856,3.660133784409209,4.33,0.1830168663353697,1.0,1,3.33,3.00–4.99,2026-03,15–19.9%,20–29.9%,30.04,30.04,0.0
2026-03-03,Wolves,Liverpool,H,MODEL C — TEAM + MARKET,A,0.7478876823653421,1.3370991708772406,1.5,0.1218315235480131,1.0,0,-1.0,1.50–1.99,2026-03,10–14.9%,70–79.9%,29.04,30.04,-1.0
2026-03-04,Man City,Nott'm Forest,D,MODEL C — TEAM + MARKET,D,0.2440560668030964,4.097419142654612,5.0,0.2202803340154819,1.0,1,4.0,5.00–9.99,2026-03,20–29.9%,20–29.9%,33.04,33.04,0.0
2026-03-04,Newcastle,Man United,H,MODEL C — TEAM + MARKET,D,0.3149537136981236,3.1750697213828656,3.5,0.1023379979434324,1.0,0,-1.0,3.00–4.99,2026-03,10–14.9%,30–39.9%,32.04,33.04,-1.0
2026-03-04,Fulham,West Ham,A,MODEL C — TEAM + MARKET,A,0.3386728174713508,2.952702279050171,3.7,0.2530894246439981,1.0,1,2.7,3.00–4.99,2026-03,20–29.9%,30–39.9%,34.74,34.74,0.0
2026-03-04,Brighton,Arsenal,A,MODEL C — TEAM + MARKET,A,0.6977526190783577,1.433172692810344,1.65,0.1512918214792902,1.0,1,0.6499999999999999,1.50–1.99,2026-03,15–19.9%,60–69.9%,35.39,35.39,0.0
2026-03-04,Aston Villa,Chelsea,A,MODEL C — TEAM + MARKET,A,0.4387660485200013,2.279118913993216,2.55,0.1188534237260032,1.0,1,1.5499999999999998,2.00–2.99,2026-03,10–14.9%,40–49.9%,36.94,36.94,0.0
2026-03-05,Tottenham,Crystal Palace,A,MODEL C — TEAM + MARKET,A,0.3754665372128807,2.6633531910009425,3.1,0.1639462653599301,1.0,1,2.1,3.00–4.99,2026-03,15–19.9%,30–39.9%,39.04,39.04,0.0
2026-03-14,Sunderland,Brighton,A,MODEL C — TEAM + MARKET,A,0.5183175390106353,1.92931923914595,2.25,0.1662144627739292,1.0,1,1.25,2.00–2.99,2026-03,15–19.9%,50–59.9%,40.29,40.29,0.0
2026-03-14,Chelsea,Newcastle,A,MODEL C — TEAM + MARKET,D,0.3098266068872441,3.227611760160844,4.2,0.3012717489264256,1.0,0,-1.0,3.00–4.99,2026-03,30%+,30–39.9%,39.29,40.29,-1.0
2026-03-14,Arsenal,Everton,H,MODEL C — TEAM + MARKET,D,0.2691550621024098,3.7153304574279695,4.75,0.2784865449864468,1.0,0,-1.0,3.00–4.99,2026-03,20–29.9%,20–29.9%,38.29,40.29,-2.0
2026-03-15,Nott'm Forest,Fulham,D,MODEL C — TEAM + MARKET,A,0.3426344147449578,2.918562634008486,3.3,0.1306935686583608,1.0,0,-1.0,3.00–4.99,2026-03,10–14.9%,30–39.9%,37.29,40.29,-3.0
2026-03-15,Man United,Aston Villa,H,MODEL C — TEAM + MARKET,D,0.286422576019076,3.49134489989853,4.0,0.145690304076304,1.0,0,-1.0,3.00–4.99,2026-03,10–14.9%,20–29.9%,36.29,40.29,-4.0
2026-03-15,Liverpool,Tottenham,D,MODEL C — TEAM + MARKET,D,0.1933174877345882,5.172837758852588,6.25,0.2082342983411762,1.0,1,5.25,5.00–9.99,2026-03,20–29.9%,10–19.9%,41.54,41.54,0.0
2026-03-15,Crystal Palace,Leeds,D,MODEL C — TEAM + MARKET,A,0.4086863659781485,2.4468641071659034,2.88,0.1770167340170676,1.0,0,-1.0,2.00–2.99,2026-03,15–19.9%,40–49.9%,40.54,41.54,-1.0
2026-03-16,Brentford,Wolves,D,MODEL C — TEAM + MARKET,D,0.2571568076440683,3.888677920532066,4.2,0.0800585921050869,1.0,1,3.2,3.00–4.99,2026-03,5–9.9%,20–29.9%,43.74,43.74,0.0
2026-03-21,Everton,Chelsea,H,MODEL C — TEAM + MARKET,A,0.5407184316065475,1.8493913681264107,2.1,0.1355087063737499,1.0,0,-1.0,2.00–2.99,2026-03,10–14.9%,50–59.9%,42.74,43.74,-1.0
2026-03-21,Fulham,Burnley,H,MODEL C — TEAM + MARKET,A,0.1769868812072532,5.650136287948883,6.25,0.106168007545333,1.0,0,-1.0,5.00–9.99,2026-03,10–14.9%,10–19.9%,41.74,43.74,-2.0
2026-03-21,Leeds,Brentford,D,MODEL C — TEAM + MARKET,A,0.4003872909690436,2.4975817728373304,2.88,0.1531153979908455,1.0,0,-1.0,2.00–2.99,2026-03,15–19.9%,40–49.9%,40.74,43.74,-3.0
2026-03-22,Newcastle,Sunderland,A,MODEL C — TEAM + MARKET,D,0.3393096913909593,2.9471601471228843,4.0,0.3572387655638371,1.0,0,-1.0,3.00–4.99,2026-03,30%+,30–39.9%,39.74,43.74,-4.0
2026-03-22,Tottenham,Nott'm Forest,A,MODEL C — TEAM + MARKET,A,0.3704343894784101,2.699533381358165,3.2,0.1853900463309123,1.0,1,2.2,3.00–4.99,2026-03,15–19.9%,30–39.9%,41.940000000000005,43.74,-1.7999999999999972
2026-04-11,Arsenal,Bournemouth,A,MODEL C — TEAM + MARKET,A,0.1498067649278782,6.675265970007641,7.5,0.1235507369590871,1.0,1,6.5,5.00–9.99,2026-04,10–14.9%,10–19.9%,48.440000000000005,48.440000000000005,0.0
2026-04-11,Brentford,Everton,D,MODEL C — TEAM + MARKET,D,0.3609409212313568,2.770536509377992,3.3,0.1911050400634775,1.0,1,2.3,3.00–4.99,2026-04,15–19.9%,30–39.9%,50.74,50.74,0.0
2026-04-11,Liverpool,Fulham,H,MODEL C — TEAM + MARKET,D,0.2884281270282631,3.4670682443602665,4.2,0.2113981335187049,1.0,0,-1.0,3.00–4.99,2026-04,20–29.9%,20–29.9%,49.74,50.74,-1.0
2026-04-12,Sunderland,Tottenham,H,MODEL C — TEAM + MARKET,A,0.4319281178962202,2.315200049653334,2.7,0.1662059183197946,1.0,0,-1.0,2.00–2.99,2026-04,15–19.9%,40–49.9%,48.74,50.74,-2.0
2026-04-12,Nott'm Forest,Aston Villa,D,MODEL C — TEAM + MARKET,A,0.431281938413322,2.318668858888413,2.7,0.1644612337159694,1.0,0,-1.0,2.00–2.99,2026-04,15–19.9%,40–49.9%,47.74,50.74,-3.0
2026-04-12,Crystal Palace,Newcastle,H,MODEL C — TEAM + MARKET,A,0.4982104500735885,2.007183911642749,2.2,0.0960629901618947,1.0,0,-1.0,2.00–2.99,2026-04,5–9.9%,40–49.9%,46.74,50.74,-4.0
2026-04-12,Chelsea,Man City,A,MODEL C — TEAM + MARKET,A,0.5210058114684069,1.919364387091177,2.15,0.1201624946570747,1.0,1,1.15,2.00–2.99,2026-04,10–14.9%,50–59.9%,47.89,50.74,-2.8500000000000014
2026-04-13,Man United,Leeds,A,MODEL C — TEAM + MARKET,D,0.345405083951052,2.8951513641927518,4.1,0.4161608441993132,1.0,0,-1.0,3.00–4.99,2026-04,30%+,30–39.9%,46.89,50.74,-3.8500000000000014
2026-04-18,Brentford,Fulham,D,MODEL C — TEAM + MARKET,D,0.3336387630666481,2.997253648852063,3.75,0.2511453614999306,1.0,1,2.75,3.00–4.99,2026-04,20–29.9%,30–39.9%,49.64,50.74,-1.1000000000000014
2026-04-18,Chelsea,Man United,A,MODEL C — TEAM + MARKET,A,0.3609770913223866,2.7702589001885043,3.2,0.1551266922316372,1.0,1,2.2,3.00–4.99,2026-04,15–19.9%,30–39.9%,51.84,51.84,0.0
2026-04-18,Leeds,Wolves,H,MODEL C — TEAM + MARKET,A,0.2027925566890213,4.931147455936864,5.75,0.166057200961873,1.0,0,-1.0,5.00–9.99,2026-04,15–19.9%,20–29.9%,50.84,51.84,-1.0
2026-04-18,Tottenham,Brighton,D,MODEL C — TEAM + MARKET,D,0.3388642619788112,2.951034122514014,3.75,0.270740982420542,1.0,1,2.75,3.00–4.99,2026-04,20–29.9%,30–39.9%,53.59,53.59,0.0
2026-04-19,Aston Villa,Sunderland,H,MODEL C — TEAM + MARKET,D,0.3290883092185202,3.0386980393642093,3.75,0.2340811595694507,1.0,0,-1.0,3.00–4.99,2026-04,20–29.9%,30–39.9%,52.59,53.59,-1.0
2026-04-19,Everton,Liverpool,A,MODEL C — TEAM + MARKET,A,0.4954214097331397,2.0184836189026494,2.3,0.1394692423862211,1.0,1,1.2999999999999998,2.00–2.99,2026-04,10–14.9%,40–49.9%,53.89,53.89,0.0
2026-04-19,Man City,Arsenal,H,MODEL C — TEAM + MARKET,D,0.3687142562052353,2.712127299583924,3.7,0.3642427479593708,1.0,0,-1.0,3.00–4.99,2026-04,30%+,30–39.9%,52.89,53.89,-1.0
2026-04-19,Nott'm Forest,Burnley,H,MODEL C — TEAM + MARKET,A,0.1940307616672814,5.153821957957225,7.0,0.3582153316709699,1.0,0,-1.0,5.00–9.99,2026-04,30%+,10–19.9%,51.89,53.89,-2.0
2026-04-20,Crystal Palace,West Ham,D,MODEL C — TEAM + MARKET,D,0.3644367142853841,2.7439606406310566,3.2,0.1661974857132293,1.0,1,2.2,3.00–4.99,2026-04,15–19.9%,30–39.9%,54.09,54.09,0.0
2026-04-21,Brighton,Chelsea,H,MODEL C — TEAM + MARKET,D,0.3175151366906097,3.1494561500997382,3.5,0.1113029784171342,1.0,0,-1.0,3.00–4.99,2026-04,10–14.9%,30–39.9%,53.09,54.09,-1.0
2026-04-22,Burnley,Man City,A,MODEL C — TEAM + MARKET,D,0.1802202150054211,5.548767101237335,9.0,0.6219819350487903,1.0,0,-1.0,5.00–9.99,2026-04,30%+,10–19.9%,52.09,54.09,-2.0
2026-04-22,Bournemouth,Leeds,D,MODEL C — TEAM + MARKET,D,0.3014686785962141,3.317094182574753,3.5,0.0551403750867494,1.0,1,2.5,3.00–4.99,2026-04,5–9.9%,30–39.9%,54.59,54.59,0.0
2026-04-24,Sunderland,Nott'm Forest,A,MODEL C — TEAM + MARKET,A,0.4140841753016686,2.414967921127341,2.7,0.1180272733145051,1.0,1,1.7000000000000002,2.00–2.99,2026-04,10–14.9%,40–49.9%,56.290000000000006,56.290000000000006,0.0
2026-04-25,Wolves,Tottenham,A,MODEL C — TEAM + MARKET,A,0.6498211018037932,1.5388850827161038,1.67,0.0852012400123345,1.0,1,0.6699999999999999,1.50–1.99,2026-04,5–9.9%,60–69.9%,56.96000000000001,56.96000000000001,0.0
2026-04-25,West Ham,Everton,H,MODEL C — TEAM + MARKET,D,0.3187151140875343,3.1375982995439387,3.4,0.0836313878976164,1.0,0,-1.0,3.00–4.99,2026-04,5–9.9%,30–39.9%,55.96000000000001,56.96000000000001,-1.0
2026-04-25,Fulham,Aston Villa,H,MODEL C — TEAM + MARKET,D,0.3062761373505849,3.2650274639428747,3.6,0.1025940944621057,1.0,0,-1.0,3.00–4.99,2026-04,10–14.9%,30–39.9%,54.96000000000001,56.96000000000001,-2.0
2026-04-25,Arsenal,Newcastle,H,MODEL C — TEAM + MARKET,D,0.2594301544318861,3.854602030322393,4.75,0.2322932335514589,1.0,0,-1.0,3.00–4.99,2026-04,20–29.9%,20–29.9%,53.96000000000001,56.96000000000001,-3.0
2026-04-25,Liverpool,Crystal Palace,H,MODEL C — TEAM + MARKET,D,0.2325286053085115,4.300546157206044,5.0,0.1626430265425575,1.0,0,-1.0,5.00–9.99,2026-04,15–19.9%,20–29.9%,52.96000000000001,56.96000000000001,-4.0
2026-04-27,Man United,Brentford,H,MODEL C — TEAM + MARKET,A,0.3003683886712301,3.3292451460148675,4.0,0.2014735546849204,1.0,0,-1.0,3.00–4.99,2026-04,20–29.9%,30–39.9%,51.96000000000001,56.96000000000001,-5.0
2026-05-01,Leeds,Burnley,H,MODEL C — TEAM + MARKET,A,0.1344618251947677,7.437055079027087,9.5,0.2773873393502937,1.0,0,-1.0,5.00–9.99,2026-05,20–29.9%,10–19.9%,50.96000000000001,56.96000000000001,-6.0
2026-05-02,Arsenal,Fulham,H,MODEL C — TEAM + MARKET,A,0.1756812251974362,5.692127880347872,7.0,0.2297685763820538,1.0,0,-1.0,5.00–9.99,2026-05,20–29.9%,10–19.9%,49.96000000000001,56.96000000000001,-7.0
2026-05-02,Brentford,West Ham,H,MODEL C — TEAM + MARKET,D,0.2840768100016895,3.5201747020253173,3.75,0.0652880375063356,1.0,0,-1.0,3.00–4.99,2026-05,5–9.9%,20–29.9%,48.96000000000001,56.96000000000001,-8.0
2026-05-02,Newcastle,Brighton,H,MODEL C — TEAM + MARKET,D,0.3051448483949139,3.277132172671697,3.75,0.1442931814809274,1.0,0,-1.0,3.00–4.99,2026-05,10–14.9%,30–39.9%,47.96000000000001,56.96000000000001,-9.0
2026-05-03,Man United,Liverpool,H,MODEL C — TEAM + MARKET,D,0.3341486782817709,2.992679800926071,3.8,0.2697649774707293,1.0,0,-1.0,3.00–4.99,2026-05,20–29.9%,30–39.9%,46.96000000000001,56.96000000000001,-10.0
2026-05-03,Bournemouth,Crystal Palace,H,MODEL C — TEAM + MARKET,D,0.2475754190198818,4.039173210163057,4.33,0.0720015643560882,1.0,0,-1.0,3.00–4.99,2026-05,5–9.9%,20–29.9%,45.96000000000001,56.96000000000001,-11.0
2026-05-03,Aston Villa,Tottenham,A,MODEL C — TEAM + MARKET,D,0.3401420951196608,2.9399477875509747,3.6,0.2245115424307788,1.0,0,-1.0,3.00–4.99,2026-05,20–29.9%,30–39.9%,44.96000000000001,56.96000000000001,-12.0
2026-05-04,Chelsea,Nott'm Forest,A,MODEL C — TEAM + MARKET,D,0.2791156211606185,3.582744655572484,4.0,0.116462484642474,1.0,0,-1.0,3.00–4.99,2026-05,10–14.9%,20–29.9%,43.96000000000001,56.96000000000001,-13.0
2026-05-09,Man City,Brentford,H,MODEL C — TEAM + MARKET,D,0.2412473616809444,4.145123051428535,5.75,0.3871723296654306,1.0,0,-1.0,5.00–9.99,2026-05,30%+,20–29.9%,42.96000000000001,56.96000000000001,-14.0
2026-05-09,Liverpool,Chelsea,D,MODEL C — TEAM + MARKET,D,0.2879566544386503,3.4727448891550163,4.0,0.1518266177546012,1.0,1,3.0,3.00–4.99,2026-05,15–19.9%,20–29.9%,45.96000000000001,56.96000000000001,-11.0
2026-05-09,Brighton,Wolves,H,MODEL C — TEAM + MARKET,A,0.1139733153066204,8.773983605809109,9.5,0.082746495412894,1.0,0,-1.0,5.00–9.99,2026-05,5–9.9%,10–19.9%,44.96000000000001,56.96000000000001,-12.0
2026-05-09,Fulham,Bournemouth,A,MODEL C — TEAM + MARKET,D,0.2946181039732771,3.3942245453141044,3.6,0.0606251743037975,1.0,0,-1.0,3.00–4.99,2026-05,5–9.9%,20–29.9%,43.96000000000001,56.96000000000001,-13.0
2026-05-10,Nott'm Forest,Newcastle,D,MODEL C — TEAM + MARKET,A,0.474426564355075,2.1078077728623352,2.6,0.2335090673231949,1.0,0,-1.0,2.00–2.99,2026-05,20–29.9%,40–49.9%,42.96000000000001,56.96000000000001,-14.0
2026-05-10,Burnley,Aston Villa,D,MODEL C — TEAM + MARKET,A,0.7372949127114895,1.3563093719477617,1.6,0.1796718603383833,1.0,0,-1.0,1.50–1.99,2026-05,15–19.9%,70–79.9%,41.96000000000001,56.96000000000001,-15.0
2026-05-10,Crystal Palace,Everton,D,MODEL C — TEAM + MARKET,A,0.4487078381182882,2.2286216443056213,2.63,0.180101614251098,1.0,0,-1.0,2.00–2.99,2026-05,15–19.9%,40–49.9%,40.96000000000001,56.96000000000001,-16.0
2026-05-11,Tottenham,Leeds,D,MODEL C — TEAM + MARKET,D,0.3240836270033099,3.0856233289125305,4.1,0.3287428707135704,1.0,1,3.1,3.00–4.99,2026-05,30%+,30–39.9%,44.06000000000001,56.96000000000001,-12.899999999999999
2026-05-13,Man City,Crystal Palace,H,MODEL C — TEAM + MARKET,D,0.1621000808550001,6.169028384967361,7.5,0.2157506064125007,1.0,0,-1.0,5.00–9.99,2026-05,20–29.9%,10–19.9%,43.06000000000001,56.96000000000001,-13.899999999999999
2026-05-15,Aston Villa,Liverpool,H,MODEL C — TEAM + MARKET,D,0.3116730287215972,3.2084906547792835,3.5,0.0908556005255902,1.0,0,-1.0,3.00–4.99,2026-05,5–9.9%,30–39.9%,42.06000000000001,56.96000000000001,-14.899999999999999
2026-05-17,Wolves,Fulham,D,MODEL C — TEAM + MARKET,A,0.6010696929217503,1.663700585433084,1.9,0.1420324165513253,1.0,0,-1.0,1.50–1.99,2026-05,10–14.9%,60–69.9%,41.06000000000001,56.96000000000001,-15.899999999999999
2026-05-17,Brentford,Crystal Palace,D,MODEL C — TEAM + MARKET,A,0.2682850778747172,3.727378383925536,4.33,0.1616743871975257,1.0,0,-1.0,3.00–4.99,2026-05,15–19.9%,20–29.9%,40.06000000000001,56.96000000000001,-16.9
2026-05-17,Leeds,Brighton,H,MODEL C — TEAM + MARKET,D,0.3141267382004525,3.1834284649843267,3.6,0.130856257521629,1.0,0,-1.0,3.00–4.99,2026-05,10–14.9%,30–39.9%,39.06000000000001,56.96000000000001,-17.9
2026-05-17,Man United,Nott'm Forest,H,MODEL C — TEAM + MARKET,D,0.3052450770367539,3.2760561110690483,4.2,0.2820293235543665,1.0,0,-1.0,3.00–4.99,2026-05,20–29.9%,30–39.9%,38.06000000000001,56.96000000000001,-18.9
2026-05-17,Newcastle,West Ham,H,MODEL C — TEAM + MARKET,D,0.3219393846573851,3.1061747883509865,3.8,0.2233696616980631,1.0,0,-1.0,3.00–4.99,2026-05,20–29.9%,30–39.9%,37.06000000000001,56.96000000000001,-19.9
2026-05-18,Arsenal,Burnley,H,MODEL C — TEAM + MARKET,A,0.1047331140069397,9.54807855645101,23.0,1.4088616221596135,1.0,0,-1.0,10.00+,2026-05,,10–19.9%,36.06000000000001,56.96000000000001,-20.9
2026-05-19,Chelsea,Tottenham,H,MODEL C — TEAM + MARKET,D,0.2867746966225343,3.48705799980758,3.7,0.0610663775033768,1.0,0,-1.0,3.00–4.99,2026-05,5–9.9%,20–29.9%,35.06000000000001,56.96000000000001,-21.9
2026-05-24,Burnley,Wolves,D,MODEL C — TEAM + MARKET,A,0.4532775597527115,2.2061537759459267,2.9,0.3145049232828634,1.0,0,-1.0,2.00–2.99,2026-05,30%+,40–49.9%,34.06000000000001,56.96000000000001,-22.9
2026-05-24,Crystal Palace,Arsenal,A,MODEL C — TEAM + MARKET,D,0.2895285587073013,3.4538907127671274,4.0,0.1581142348292052,1.0,0,-1.0,3.00–4.99,2026-05,15–19.9%,20–29.9%,33.06000000000001,56.96000000000001,-23.9
2026-05-24,Brighton,Man United,A,MODEL C — TEAM + MARKET,D,0.2987371441615394,3.347424381412908,4.2,0.2546960054784657,1.0,0,-1.0,3.00–4.99,2026-05,20–29.9%,20–29.9%,32.06000000000001,56.96000000000001,-24.9
2026-05-24,Tottenham,Everton,H,MODEL C — TEAM + MARKET,D,0.3031702121909522,3.298477092367335,3.75,0.1368882957160706,1.0,0,-1.0,3.00–4.99,2026-05,10–14.9%,30–39.9%,31.06000000000001,56.96000000000001,-25.9
2026-05-24,Fulham,Newcastle,H,MODEL C — TEAM + MARKET,A,0.4987245078831596,2.0051150167945595,2.25,0.1221301427371091,1.0,0,-1.0,2.00–2.99,2026-05,10–14.9%,40–49.9%,30.06000000000001,56.96000000000001,-26.9
2026-05-24,Sunderland,Chelsea,H,MODEL C — TEAM + MARKET,A,0.5458242406419628,1.832091588354276,2.0,0.0916484812839255,1.0,0,-1.0,2.00–2.99,2026-05,5–9.9%,50–59.9%,29.06000000000001,56.96000000000001,-27.9
2026-05-24,Man City,Aston Villa,A,MODEL C — TEAM + MARKET,A,0.1442016574398227,6.934733051992232,9.0,0.2978149169584045,1.0,1,8.0,5.00–9.99,2026-05,20–29.9%,10–19.9%,37.06000000000001,56.96000000000001,-19.9
2026-05-24,Nott'm Forest,Bournemouth,D,MODEL C — TEAM + MARKET,D,0.2848214829376818,3.510971116665372,3.75,0.0680805610163068,1.0,1,2.75,3.00–4.99,2026-05,5–9.9%,20–29.9%,39.81000000000001,56.96000000000001,-17.15
2026-05-24,Liverpool,Brentford,D,MODEL C — TEAM + MARKET,D,0.2719622419117684,3.6769810138733376,4.2,0.1422414160294272,1.0,1,3.2,3.00–4.99,2026-05,10–14.9%,20–29.9%,43.01000000000001,56.96000000000001,-13.949999999999996
2026-05-24,West Ham,Leeds,H,MODEL C — TEAM + MARKET,D,0.2830819181867951,3.5325463611566232,4.0,0.1323276727471805,1.0,0,-1.0,3.00–4.99,2026-05,10–14.9%,20–29.9%,42.01000000000001,56.96000000000001,-14.949999999999996
